Запрос,Kлики,Показы,CTR,Позиция
шумовка киров,363,652,55.67%,3.55
доставка еды киров,269,3815,7.05%,5.99
заказ еды киров,55,729,7.54%,6.9
киров доставка еды,34,500,6.8%,5.74
заказать еду киров,26,347,7.49%,7.23
доставка киров,23,436,5.28%,7.9
шумовка,22,425,5.18%,36.64
доставка обедов киров,22,196,11.22%,8.09
еда киров,18,212,8.49%,3.17
еда на дом киров,11,89,12.36%,4.35
доставка еды в кирове,8,125,6.4%,4.49
заказ еды на дом киров,8,81,9.88%,4.3
доставка еды,6,165,3.64%,11.41
киров доставка,6,104,5.77%,7.46
еда на заказ киров,6,73,8.22%,4.89
заказ обедов киров,5,109,4.59%,8.5
киров заказ еды,5,74,6.76%,6.35
чебуреки киров,5,41,12.2%,14.95
пицца киров,4,166,2.41%,36.04
доставка еды на дом,4,86,4.65%,6.51
доставка киров еды,4,44,9.09%,5.07
доставка бургеров киров,3,90,3.33%,7.94
доставка пиццы киров,2,218,0.92%,30.41
еда киров доставка,2,59,3.39%,4.41
доставка едв киров,2,22,9.09%,5.36
еда на вынос,2,16,12.5%,19.75
блины доставка,1,198,0.51%,71.55
доставки еды киров,1,95,1.05%,7.17
кафе киров,1,62,1.61%,63.21
заказ еды в кирове,1,50,2%,4.76
еда на дом,1,50,2%,79.88
заказ еды,1,38,2.63%,10.39
заказать еду в кирове,1,36,2.78%,4.67
киров еда,1,35,2.86%,3.06
пицца киров доставка,1,22,4.55%,31.77
заказать еду,1,12,8.33%,11.17
чизкейки киров,1,11,9.09%,15.18
доставка суши в кирове,1,6,16.67%,15.33
заказать суп на дом,1,2,50%,3
ljcnfdrf tls rbhjd,1,2,50%,4.5
еда с собой,1,2,50%,4.5
кафе доставка,1,1,100%,4
еду 43,0,1790,0%,8.67
доставка закусок,0,703,0%,82.2
доставка блинов,0,613,0%,54.07
доставка пиццы кирова,0,472,0%,22.83
заказ пиццы кирова,0,464,0%,33.88
заказать пиццу кирова,0,449,0%,63.91
пицца калинина,0,411,0%,87.39
доставка пиццы калинина,0,340,0%,57.68
еду 43 ру,0,265,0%,6.65
доставка вкусных десертов,0,243,0%,61.3
пицца кирова,0,242,0%,46
43 еду,0,240,0%,9.18
доставка пивных закусок,0,214,0%,20.51
пивная тарелка доставка,0,211,0%,23.92
картошка фри доставка,0,208,0%,49.54
доставка горячих блюд,0,199,0%,90.71
пивные закуски заказать,0,183,0%,48.71
доставка пельменей,0,173,0%,43.17
роллы в кирове,0,148,0%,41.49
чебуреки доставка,0,147,0%,32.72
доставка чебуреков на дом,0,147,0%,63.8
пельмени доставка,0,126,0%,96.26
заказать чебуреки на дом,0,114,0%,54.48
заказать чизкейк с доставкой,0,108,0%,51.75
заказать вкусные закуски,0,104,0%,42.38
блинчики цезарь с ветчиной и сыром,0,104,0%,56.6
доставка чебуреков,0,103,0%,25.51
чебуреки на заказ с доставкой,0,102,0%,80.07
доставка роллов киров,0,101,0%,48
чебурек доставка,0,100,0%,38.97
заказать пиццу калинина,0,100,0%,50.71
заказ пиццы калинина,0,99,0%,68.58
пивная тарелка заказать,0,98,0%,30.94
чизкейк доставка на дом,0,94,0%,32.04
домашняя еда на дом,0,92,0%,91.28
доставка еды чебуреки,0,90,0%,32.41
чебуреки с доставкой на дом,0,90,0%,76.2
горячие чебуреки доставка,0,89,0%,23.4
заказать чебуреки с доставкой,0,89,0%,68.56
заказать чизкейк на дом,0,88,0%,65
еда в боксах,0,86,0%,56.71
чебуреки доставка на дом,0,86,0%,65.33
еда,0,84,0%,7.63
заказать лапшу,0,82,0%,92.88
заказ обедов с доставкой в кирове,0,79,0%,9.49
доставка пиццы в кирове,0,78,0%,29.38
еду 43 киров,0,77,0%,9.69
доставка роллов в кирове,0,74,0%,45.09
вкусные десерты доставка,0,74,0%,74.69
пицца в кирове,0,72,0%,35.15
заказ блинов с доставкой,0,70,0%,78.39
доставка обедов в кирове,0,69,0%,9.06
заказ ужина,0,67,0%,5.1
доставка роллы киров,0,66,0%,42.91
заказ обедов с доставкой киров,0,65,0%,8.15
доставка салатов,0,65,0%,162.54
заказ чебуреков на дом,0,64,0%,63.42
заказать блины с доставкой,0,64,0%,79.53
доставка лапши,0,62,0%,86.94
заказ обедов в кирове,0,61,0%,9.64
вкусная еда на дом,0,57,0%,75.53
заказать чебуреки,0,56,0%,55.34
горячие роллы киров,0,52,0%,47.21
заказать роллы в кирове,0,49,0%,42.98
горячие роллы в кирове,0,46,0%,39.24
заказать пиццу в кирове,0,45,0%,38
блины заказать,0,44,0%,82.61
вкусные салаты доставка,0,42,0%,45.81
доставка вкусных салатов,0,41,0%,49.68
чебуреки заказать на дом,0,41,0%,51.93
заказать роллы киров,0,39,0%,37.28
роллы киров,0,37,0%,50.32
заказать чебуреки в офис,0,37,0%,79.22
доставка сеты киров,0,36,0%,44.36
заказ 43 киров,0,35,0%,44.97
роллы киров доставка,0,34,0%,44.88
чизкейк доставка,0,33,0%,81.82
чизкейк киров купить,0,31,0%,33.29
еду киров,0,30,0%,7.07
домашние пельмени заказать,0,30,0%,92.83
кафе доставка на дом,0,29,0%,46.55
заказ вкусной еды на дом,0,27,0%,85.81
домашняя еда с доставкой на дом,0,27,0%,90.19
тяханы,0,23,0%,6.83
заказать домашнюю еду на дом,0,23,0%,71.91
киров еду,0,22,0%,6.68
кафе с доставкой,0,22,0%,73.5
заказать пиццу киров,0,21,0%,36.05
заказ домашней еды на дом,0,21,0%,81.38
заказ роллов киров,0,20,0%,54.9
чебуреки заказать с доставкой,0,20,0%,73.15
доставка супов,0,20,0%,136.65
заказ пиццы киров,0,19,0%,34
роллы доставка киров,0,19,0%,54.95
доставка домашней еды на дом,0,19,0%,57.11
вкусная еда на заказ,0,18,0%,69.94
доставка десертов,0,18,0%,146.56
пицца фокачча заказать с доставкой,0,17,0%,59
заказать еду на дом,0,16,0%,5.25
что вкусного заказать на дом,0,16,0%,68.25
шумовки,0,16,0%,85.31
дон корлеоне пицца,0,15,0%,58.67
блины заказать на дом,0,14,0%,79.71
вкусная еда с доставкой,0,14,0%,83.14
домашняя еда с доставкой,0,14,0%,93.71
доставка пиццы,0,13,0%,21.69
наша пицца киров,0,13,0%,57.54
чебуреки заказать,0,13,0%,62.62
шумовка для кухни,0,13,0%,77
вкусные супы доставка,0,13,0%,93.15
киров доставка пиццы,0,12,0%,31.5
киров пицца,0,12,0%,42.83
заказ блинов,0,12,0%,60.75
заказать блины на дом,0,12,0%,71.58
заказ чебуреков,0,12,0%,80.67
заказать пельмени,0,11,0%,92.91
заказ еды на дом,0,10,0%,5.4
пивная киров,0,10,0%,36.4
японская кухня киров,0,10,0%,41.9
доставка вкусной еды на дом,0,10,0%,43.9
детское кафе киров,0,10,0%,54.3
заказать горячий обед,0,10,0%,89.9
еду43,0,9,0%,7.11
доставка едв,0,9,0%,7.56
пицца доставка киров,0,9,0%,27.22
еда на заказ,0,9,0%,31.89
роллы киров заказать,0,9,0%,40.89
bbq киров,0,9,0%,41.11
доставка блинов на дом,0,9,0%,47.22
доставка боксов с едой,0,9,0%,57.22
пицца дон корлеоне,0,9,0%,60.33
кафе крем киров,0,9,0%,60.44
доставка домашней еды,0,9,0%,69.78
круглосуточная доставка еды киров,0,9,0%,71.33
тесто доставка на дом,0,9,0%,84.44
пицца фокачча доставка,0,9,0%,94.44
вкусный обед киров,0,8,0%,17.38
где заказать вкусную еду,0,8,0%,48.25
киров доставка роллов,0,8,0%,49.38
домашняя еда доставка,0,8,0%,58.38
соус карбонара для пиццы,0,8,0%,82.62
заказать солянку на дом,0,8,0%,87.75
пицца фокачча заказать,0,8,0%,89.25
еда с доставкой киров,0,7,0%,3.86
заказать еду на дом киров,0,7,0%,6.86
ievjdrf,0,7,0%,20.86
чебуреки с ветчиной и сыром,0,7,0%,46.14
заказ роллы киров,0,7,0%,49.43
готовый ужин на дом,0,7,0%,63.71
доставка горячих обедов,0,7,0%,79.43
пивная тарелка,0,7,0%,80.57
еда доставка,0,6,0%,3
доставка чизкейков,0,6,0%,47.17
доставка супа,0,6,0%,47.33
тяхан это,0,6,0%,50.83
пивные тарелки,0,6,0%,61.33
роллы киров отзывы,0,6,0%,65.17
чебуреки с доставкой,0,6,0%,65.33
киров кафе,0,6,0%,79.5
домашняя еда на заказ,0,6,0%,82
блины на заказ,0,6,0%,88.67
вкусные горячие блюда,0,6,0%,92.17
картошка с доставкой,0,6,0%,94.33
ljcnfdrf tls,0,5,0%,6
заказ киров,0,5,0%,22.2
роллы на заказ киров,0,5,0%,35.6
доставка вкусной еды,0,5,0%,45.2
калинина 40 киров,0,5,0%,46
вкусная еда с доставкой на дом,0,5,0%,46.8
заказать пиццу,0,5,0%,48.2
тарелка доставка,0,5,0%,54.4
тарелка для закусок,0,5,0%,57.4
вкусная еда заказать,0,5,0%,65.8
дом 43 киров,0,5,0%,70
брынза доставка,0,5,0%,79.6
блины с доставкой,0,5,0%,94.2
лапша по тайски,0,5,0%,95.4
доставка напитков,0,5,0%,141
заказать салаты,0,5,0%,194.2
обед на дом,0,4,0%,3.5
беру еду киров,0,4,0%,4.5
доставка продуктов на дом киров,0,4,0%,10.5
чебуречная киров,0,4,0%,12.5
еда заказать,0,4,0%,13
доставка еды киров рф,0,4,0%,16.5
чизкейк киров,0,4,0%,24.25
заказать ужин на дом,0,4,0%,28
кафе кирова,0,4,0%,28.75
чебуреки с сыром и ветчиной,0,4,0%,48.5
"блинчики, пицца и тесто купить",0,4,0%,52
пельмени домашние доставка,0,4,0%,53.25
лапша для пасты,0,4,0%,62.25
кот бекон 130 см купить,0,4,0%,79.5
детские кафе киров,0,4,0%,81.25
паста для лапши,0,4,0%,89.25
чебуреки,0,4,0%,89.5
кухня кафе киров,0,4,0%,92.25
киров заказать еду,0,3,0%,4
еда поблизости,0,3,0%,6.33
блюда на вынос,0,3,0%,15.67
вкусная еда доставка,0,3,0%,43.33
роллы заказать киров,0,3,0%,44.67
домашние пельмени доставка,0,3,0%,46.33
сеты в кирове,0,3,0%,46.33
заказ 43,0,3,0%,50.67
купить роллы киров,0,3,0%,55.67
доставка еды пельмени,0,3,0%,62
кафе кухня киров,0,3,0%,63
заказать обед на дом,0,3,0%,74
меню блинов,0,3,0%,82.33
где купить лапшу,0,3,0%,85.67
лапша по тайски с курицей,0,3,0%,85.67
лапша на вынос,0,3,0%,89
еды,0,2,0%,3
доставка еду,0,2,0%,6.5
заказ еду,0,2,0%,8
cebureki,0,2,0%,8.5
еда рядом со мной,0,2,0%,8.5
43 еду ру,0,2,0%,9
шумовк,0,2,0%,9
пицца киров заказать,0,2,0%,15.5
круглосуточная доставка роллов киров,0,2,0%,19.5
доставка обеда,0,2,0%,26.5
доставка еды круглосуточно киров,0,2,0%,32
готовые обеды на дом,0,2,0%,40
заказать вкусную еду,0,2,0%,41.5
кафе киров недорого,0,2,0%,43
ужин доставка,0,2,0%,43
пицца киров круглосуточно доставка,0,2,0%,43.5
доставка продуктов киров,0,2,0%,44
домашняя кухня с доставкой на дом,0,2,0%,45
доставки киров,0,2,0%,46
дом киров,0,2,0%,50.5
заказ 43 ру,0,2,0%,60
заказ пиццы в рублях,0,2,0%,63
готовые блюда на вынос,0,2,0%,64
тарелка с закусками,0,2,0%,67.5
китайская еда киров,0,2,0%,69.5
доставка еди,0,2,0%,78
заказать пиццу на дом,0,2,0%,78
вкусная лапша,0,2,0%,78.5
еда на к,0,2,0%,78.5
наггетсы заказать с доставкой,0,2,0%,80
заказ еды на вынос,0,2,0%,81.5
сочные чебуреки,0,2,0%,82.5
кухни в кирове,0,2,0%,85
блины фаршированные сыром,0,2,0%,85.5
где можно заказать еду на дом,0,2,0%,88.5
корлеоне пицца,0,2,0%,89.5
пельмени в соусе,0,2,0%,90
пельмешки,0,2,0%,94
заказать блины,0,2,0%,95.5
роллы с бесплатной доставкой,0,2,0%,161
где поесть рядом,0,1,0%,1
еда в,0,1,0%,1
кафе,0,1,0%,1
ближайшая еда,0,1,0%,2
домашняя кухня доставка,0,1,0%,2
доставка еду на дом,0,1,0%,3
доставкой,0,1,0%,3
еда с доставкой,0,1,0%,3
заказать еда,0,1,0%,3
доставка еда,0,1,0%,4
доставка стейков,0,1,0%,4
обед на заказ,0,1,0%,4
доствка еды,0,1,0%,5
еда вокруг меня,0,1,0%,5
еда на вывоз,0,1,0%,5
заказ домашней еды,0,1,0%,5
что можно заказать на дом из еды,0,1,0%,5
где заказать еду на дом,0,1,0%,6
еда домой,0,1,0%,6
заказ едв,0,1,0%,6
дома,0,1,0%,7
доставка домашних обедов,0,1,0%,7
блинов,0,1,0%,8
доставка киров еда,0,1,0%,8
доставка обедов на дом,0,1,0%,8
заказ нды,0,1,0%,8
заказать еду с доставкой,0,1,0%,8
обед доставка,0,1,0%,8
pfrfpfnm tle,0,1,0%,9
где можно заказать еду,0,1,0%,9
доставка ндв,0,1,0%,9
заказать еды,0,1,0%,9
на дом еда,0,1,0%,9
роллы кафе,0,1,0%,9
вкусно блин киров,0,1,0%,10
домтавка едв,0,1,0%,10
заказать на дом,0,1,0%,10
вкусная еда на вынос,0,1,0%,11
доставка роллов на дом,0,1,0%,11
заказать покушать на дом,0,1,0%,11
что заказать поесть,0,1,0%,11
шумовку,0,1,0%,11
заказать пиццу с бесплатной доставкой,0,1,0%,19
кафе ромео киров,0,1,0%,20
бесплатная доставка еды,0,1,0%,21
кафе на вынос,0,1,0%,21
заказ горячих блюд на дом,0,1,0%,24
лапша вок киров,0,1,0%,26
кафе еда на вынос,0,1,0%,30
киров заказать роллы,0,1,0%,30
доставка на дом,0,1,0%,31
сыр для чебуреков,0,1,0%,32
кафе дом 20,0,1,0%,34
пивная тарелка меню,0,1,0%,34
доставка продуктов в кафе,0,1,0%,36
заказ пиццы,0,1,0%,38
пица киров,0,1,0%,39
домашняя еда заказать на дом,0,1,0%,40
доставка ужина на дом,0,1,0%,40
вок киров,0,1,0%,42
ужин с доставкой на дом,0,1,0%,42
вкусно и быстро доставка обедов,0,1,0%,43
готовые кухни киров,0,1,0%,43
блины с ветчиной и сыром,0,1,0%,44
киров заказ 43,0,1,0%,48
пиццы киров,0,1,0%,48
чикен пицца киров,0,1,0%,48
доставка домашних пельменей,0,1,0%,49
пельмени в грибном соусе,0,1,0%,50
ресторан киров,0,1,0%,51
блины фаршированные,0,1,0%,53
фаршированные блины,0,1,0%,57
кафе города кирова,0,1,0%,58
чизкейк ру доставка,0,1,0%,58
ванильный кот киров,0,1,0%,60
доставка японской кухни,0,1,0%,63
блины с доставкой на дом,0,1,0%,66
доставка японской еды,0,1,0%,66
вкусная еда сайт,0,1,0%,68
доставка пицца,0,1,0%,68
наггетсы доставка на дом,0,1,0%,72
обед на вынос,0,1,0%,77
доставка пасты,0,1,0%,81
вкусные салаты с доставкой на дом,0,1,0%,82
завтрак на вынос,0,1,0%,83
кофе киров,0,1,0%,85
сахар киров цена,0,1,0%,85
блины на заказ с доставкой,0,1,0%,87
чебуреки как в чебуречной,0,1,0%,87
тарелки для закусок,0,1,0%,88
сеты киров,0,1,0%,89
тяхан с говядиной,0,1,0%,89
шампиньоны мини купить,0,1,0%,89
еда ру карбонара,0,1,0%,90
пиццерии киров,0,1,0%,90
кафе мороженое киров,0,1,0%,91
чизкейк сникерс,0,1,0%,91
доставка суши киров,0,1,0%,93
заказ закусок на дом,0,1,0%,93
суши киров доставка,0,1,0%,93
тяхан со свининой,0,1,0%,93
блины с ветчиной и сыром в сливочном соусе,0,1,0%,95
заказ роллов на вынос,0,1,0%,95
устричный соус купить,0,1,0%,95
шоколад кот дор,0,1,0%,95
блины домашние на заказ,0,1,0%,96
заказ японской кухни,0,1,0%,96
блинчики заказать на дом,0,1,0%,97
блины цезарь,0,1,0%,97
виды чебуреков,0,1,0%,97
дом пиццы,0,1,0%,97
пицца корлеоне,0,1,0%,97
фаршированные блины с ветчиной и сыром,0,1,0%,97
чебуреки на дом,0,1,0%,97
заказ вкусной еды,0,1,0%,98
рис доставка,0,1,0%,98
штрудель заказать,0,1,0%,98
соус для чебуреков,0,1,0%,99
вкусные чизкейки,0,1,0%,100
заказать карбонару на дом,0,1,0%,100
пицца заказ на дом,0,1,0%,100
доставка еды десертов,0,1,0%,102
домашняя еда,0,1,0%,104
вкусные блины,0,1,0%,106
бесплатная доставка роллов,0,1,0%,116
меню японской кухни,0,1,0%,137
доставка еды закуски,0,1,0%,141
блины с сыром,0,1,0%,146
блины с мясом,0,1,0%,152
заказать суп в офис,0,1,0%,161
цезарь салат,0,1,0%,223