Группа,Показы,Клики,CTR,Конверсии
еда,3474,250,,33
доставка еды киров,1324.00,106.00,8.01,12
заказ еды киров,186.00,18.00,9.68,2
заказать еду киров,133.00,11.00,8.27,0
доставка еды,129.00,8.00,6.20,1
киров доставка еды,97.00,8.00,8.25,0
доставка еды в кирове,85.00,5.00,5.88,1
заказать еду на дом киров,64.00,5.00,7.81,1
заказ еды на дом киров,57.00,0.00,0.00,0
доставка еды на дом,52.00,1.00,1.92,1
доставка еды на дом киров,45.00,3.00,6.67,0
еда на дом киров,43.00,3.00,6.98,0
доставка еды киров круглосуточно,41.00,1.00,2.44,0
заказ еды киров на дом,38.00,1.00,2.63,1
заказ еды,32.00,2.00,6.25,0
заказать еду киров на дом,32.00,2.00,6.25,0
киров заказ еды,31.00,3.00,9.68,0
еда киров доставка,25.00,3.00,12.00,0
еда киров,23.00,1.00,4.35,0
доставка киров еды,22.00,4.00,18.18,1
еда на заказ киров,20.00,1.00,5.00,0
доставка домашней еды киров,19.00,1.00,5.26,0
заказ еды в кирове,17.00,1.00,5.88,0
заказать еду в кирове,17.00,0.00,0.00,1
цезарь доставка еды,16.00,0.00,0.00,0
киров заказ еды на дом,15.00,0.00,0.00,0
киров еда,15.00,0.00,0.00,0
доставка киров еда,14.00,1.00,7.14,0
еда на дом,13.00,1.00,7.69,1
доставки еды киров,12.00,1.00,8.33,0
заказ еды киров круглосуточно,12.00,0.00,0.00,0
цезарь еда киров,11.00,0.00,0.00,0
еда доставка киров,11.00,0.00,0.00,0
еда с доставкой киров,11.00,0.00,0.00,0
еда на заказ с доставкой киров,11.00,0.00,0.00,0
доставка еды киров от 300 рублей,10.00,1.00,10.00,0
еда на дом киров круглосуточно,9.00,3.00,33.33,0
доставка готовой еды киров,8.00,0.00,0.00,0
заказ еды онлайн 130,8.00,0.00,0.00,0
киров заказать еду,8.00,0.00,0.00,0
шумовка киров еда,8.00,1.00,12.50,0
еда 43,8.00,1.00,12.50,0
заказ еды на дом,7.00,0.00,0.00,0
доставка еды киров супчик,7.00,0.00,0.00,0
доставка еды круглосуточно киров,7.00,0.00,0.00,0
круглосуточная доставка еды киров,7.00,0.00,0.00,0
бесплатная доставка еды киров,7.00,0.00,0.00,0
доставка еды от 300 рублей в кирове,7.00,0.00,0.00,0
заказать еду в кирове на дом,7.00,1.00,14.29,0
заказ еды на дом киров круглосуточно,7.00,1.00,14.29,0
заказать еду на дом,6.00,0.00,0.00,0
доставка готовой еды на дом киров,6.00,0.00,0.00,0
киров еда на дом,6.00,2.00,33.33,0
еда заказать на дом,6.00,0.00,0.00,0
киров еду,6.00,0.00,0.00,0
еда киров заказать,6.00,4.00,66.67,1
киров доставка еды на дом,6.00,0.00,0.00,0
заказать киров еду,6.00,0.00,0.00,0
еда на заказ,6.00,0.00,0.00,0
доставка еды в кирове круглосуточно,6.00,0.00,0.00,0
вкусная еда киров доставка,6.00,0.00,0.00,0
еда на дом доставка,5.00,0.00,0.00,0
вкусная еда киров,5.00,0.00,0.00,0
заказать еду киров круглосуточно,5.00,0.00,0.00,0
спк доставка еды киров меню,5.00,0.00,0.00,0
еда с собой киров,5.00,0.00,0.00,0
доставка еды супчик киров,5.00,0.00,0.00,0
доставка еды киров рф,5.00,0.00,0.00,0
заказать роллы в кирове на дом недорого,5.00,0.00,0.00,0
быстрая доставка еды киров,5.00,0.00,0.00,0
еда на вынос,5.00,0.00,0.00,0
домашняя еда с доставкой киров,5.00,0.00,0.00,0
заказ еды в кирове на дом,5.00,0.00,0.00,0
еда на вынос киров,5.00,0.00,0.00,0
доставка горячей еды киров,5.00,1.00,20.00,0
заказ еды шумовка,4.00,1.00,25.00,0
доставка еды в кирове на дом,4.00,0.00,0.00,0
доставка готовой еды на дом,4.00,0.00,0.00,0
минимальная сумма доставки еды в кирове,4.00,1.00,25.00,0
доставка еды киров 24 часа,4.00,0.00,0.00,0
хомяк доставка еды киров,4.00,0.00,0.00,0
доставка еды киров шумовка,4.00,3.00,75.00,2
заказ еды в кирове с бесплатной доставкой,4.00,0.00,0.00,0
доставка еду киров,4.00,0.00,0.00,0
заказать еду,4.00,0.00,0.00,0
доставка еды в кирове супчик,3.00,0.00,0.00,0
заказ вкусной еды домой на праздник,3.00,0.00,0.00,0
киров доставка еды на дом круглосуточно,3.00,0.00,0.00,0
горячая еда киров,3.00,0.00,0.00,0
доставка еды город киров,3.00,0.00,0.00,0
готовая еда с доставкой на дом,3.00,1.00,33.33,0
купить пиццу в кирове недорого,3.00,1.00,33.33,0
заказ еды киров вкусно,3.00,0.00,0.00,0
сайт 43 еду кировская область,3.00,0.00,0.00,0
еда в кирове,3.00,0.00,0.00,0
доставка еда,3.00,0.00,0.00,0
доставка еды три медведя киров,3.00,0.00,0.00,0
готовая еда киров,3.00,0.00,0.00,0
доставка еды киров киров,3.00,1.00,33.33,0
доставка еды г киров,3.00,0.00,0.00,0
43 еду киров,3.00,0.00,0.00,0
супчик еда надом,3.00,1.00,33.33,0
киров еду 43,3.00,0.00,0.00,0
заказ еды шумовка киров,3.00,2.00,66.67,0
киров еда с доставкой,3.00,0.00,0.00,0
доставка вкусной еды киров,3.00,0.00,0.00,0
спк доставка еды киров,3.00,0.00,0.00,0
заказать домашнюю еду в кирове,3.00,0.00,0.00,0
заказ еду киров,3.00,0.00,0.00,0
доставка еды в кирове на дом вкусной,3.00,0.00,0.00,0
доставка еды киров салаты,2.00,0.00,0.00,0
киров заказать еду с доставкой,2.00,0.00,0.00,0
еда43,2.00,0.00,0.00,0
заказать еду в городе киров,2.00,0.00,0.00,0
круглосуточная доставка еды,2.00,0.00,0.00,0
готовая еда киров доставка,2.00,0.00,0.00,0
заказ еды ульяновск в село шумовка,2.00,0.00,0.00,0
заказать китайскую еду на дом киров,2.00,0.00,0.00,0
дом еды киров,2.00,0.00,0.00,0
киров доставка еды от 400,2.00,0.00,0.00,0
доставка еды киров супы,2.00,1.00,50.00,0
доставки еды в кирове,2.00,0.00,0.00,0
доставка пп еды киров,2.00,0.00,0.00,0
доставка готовой еды на дом киров супчик,2.00,1.00,50.00,0
где заказать еду на дом киров,2.00,0.00,0.00,0
доставка еды кировский район,2.00,0.00,0.00,0
острая еда с доставкой киров,2.00,0.00,0.00,0
доставка еды-пицца,2.00,0.00,0.00,0
кирова 180 доставка еды,2.00,0.00,0.00,0
доставка еды 44-14-33 киров,2.00,0.00,0.00,0
доставка еды роллы киров,2.00,0.00,0.00,0
доставка еды загород киров круглосуточно,2.00,0.00,0.00,0
заказать еду киров лапша,2.00,0.00,0.00,0
кафе с доставкой еды на дом киров,2.00,0.00,0.00,0
пицца киров доставка заказать недорого,2.00,1.00,50.00,0
доставка-еды-киров.рф,2.00,1.00,50.00,0
все доставки еды,2.00,0.00,0.00,0
еда киров доставка круглосуточно,2.00,0.00,0.00,0
народная доставка еды киров,2.00,0.00,0.00,0
заказать еду в кирове с доставкой,2.00,0.00,0.00,0
домашняя еда киров,2.00,0.00,0.00,0
доставка еды по выходным,2.00,1.00,50.00,0
доставка еды вок лапша,2.00,0.00,0.00,0
доставка еды нововятск,2.00,0.00,0.00,0
еда на заказ в кирове,2.00,0.00,0.00,0
заказать еду на праздник домой,2.00,1.00,50.00,0
доставка-еды-киров,2.00,0.00,0.00,0
пицца недорогая киров,2.00,0.00,0.00,0
доставка еды домой киров,2.00,0.00,0.00,0
супчик доставка еды,2.00,0.00,0.00,0
закажи еду в кирове,2.00,0.00,0.00,0
доставка еды в офис киров,2.00,0.00,0.00,0
доставка еды из столовой киров,2.00,0.00,0.00,0
еда заказать киров,2.00,0.00,0.00,0
доставка еды кафе киров,2.00,0.00,0.00,0
заказать вкусную еду на дом киров,2.00,0.00,0.00,0
щедрый хутор вязки чебуреки,2.00,0.00,0.00,0
киров доставка еды киров,2.00,1.00,50.00,0
доставка еды киров по минимальным ценам,2.00,0.00,0.00,0
кафе домашней еды киров,2.00,0.00,0.00,0
цезарь доставка еды киров,2.00,0.00,0.00,0
киров вкусная еда на дом,2.00,0.00,0.00,0
бесплатная доставка еды на дом киров,2.00,0.00,0.00,0
доставка японской еды на дом киров,2.00,0.00,0.00,0
шумовка заказать еду,2.00,1.00,50.00,0
доставка еды в выходные киров,2.00,1.00,50.00,1
киров еда доставка,2.00,0.00,0.00,0
киров еда с доставкой круглосуточно,2.00,0.00,0.00,0
доставка еду,2.00,0.00,0.00,0
кафе киров еда на вынос,2.00,0.00,0.00,0
достоевский доставка еды киров,2.00,0.00,0.00,0
еда заказать,2.00,0.00,0.00,0
супчик доставка еды киров,2.00,0.00,0.00,0
заказ готовой еды на дом киров,2.00,0.00,0.00,0
еда 43 киров,2.00,0.00,0.00,0
заказать японскую еду на дом киров,2.00,0.00,0.00,0
киров заказ на дом еды,2.00,0.00,0.00,0
доставка еды киров 24,2.00,0.00,0.00,0
где можно заказать домашнюю еду на дом киров,2.00,0.00,0.00,0
еда домой,2.00,0.00,0.00,0
доставка еды~пицца,2.00,0.00,0.00,0
доставка едыткиров,2.00,0.00,0.00,0
где в кирове можно заказать еду с доставкой,2.00,0.00,0.00,0
где еда на заказ киров,2.00,0.00,0.00,0
заказать домашнюю еду,2.00,1.00,50.00,0
доставка еды киров удон,2.00,0.00,0.00,0
заказать еда киров,2.00,0.00,0.00,0
заказать еду на дом бесплатная доставка киров,2.00,0.00,0.00,0
еда проверенная на дом киров,2.00,0.00,0.00,0
еда на дом меню и цены,2.00,0.00,0.00,0
готовая еда на дом,2.00,0.00,0.00,0
заказ еды в кирове онлайн,2.00,0.00,0.00,0
лавка вкусной еды киров,2.00,0.00,0.00,0
доставка горячей еды вечером киров,2.00,0.00,0.00,0
доставка еды салатов киров,2.00,1.00,50.00,1
доставка еды спк,2.00,0.00,0.00,0
доставка еды~~пицца,2.00,0.00,0.00,0
"ракоед улица калинина, 40",2.00,0.00,0.00,0
заказ еды на праздник киров,2.00,0.00,0.00,0
заказ еды дешевая киров,2.00,0.00,0.00,0
домашняя еда доставка киров,2.00,1.00,50.00,0
заказать вкусную еду,2.00,0.00,0.00,0
доставка еды суп киров,1.00,1.00,100.00,1
доставка еды киров бесплатная доставка,1.00,0.00,0.00,0
заказ еды из коминтерна,1.00,0.00,0.00,0
заказать еду на дом кировская область,1.00,0.00,0.00,0
макароны с доставка еды киров,1.00,0.00,0.00,0
киров еда доставка от 300 рублей,1.00,0.00,0.00,0
заказать еду на дом из ресторана киров,1.00,0.00,0.00,0
доставка еды на месяц киров,1.00,0.00,0.00,0
вызов еды на дом киров,1.00,0.00,0.00,0
доставка еды в г киров,1.00,0.00,0.00,0
заказать еду киров роллы + пицца,1.00,0.00,0.00,0
еда доставка на дом,1.00,0.00,0.00,0
что можно заказать из еды на дом,1.00,0.00,0.00,0
доставки еды от 200 рублей киров,1.00,0.00,0.00,0
хомяк киров еда,1.00,0.00,0.00,0
доставка еды киров после 22 00,1.00,1.00,100.00,0
доставка еды киров 43,1.00,0.00,0.00,0
кафе с доставкой еды на дом,1.00,0.00,0.00,0
шумовка киров доставка еды,1.00,1.00,100.00,0
для еды на вынос,1.00,0.00,0.00,0
еда доставка на дом киров,1.00,0.00,0.00,0
еда онлайн киров,1.00,0.00,0.00,0
калифорния доставка еды киров,1.00,0.00,0.00,0
домашняя еда заказ киров,1.00,1.00,100.00,0
заказ еды онлайн,1.00,0.00,0.00,0
еда на вынос в кирове,1.00,1.00,100.00,0
доставка еды кирове,1.00,0.00,0.00,0
где заказать еду киров,1.00,1.00,100.00,1
еда домой доставка киров,1.00,1.00,100.00,0
доставка вкусной еды,1.00,0.00,0.00,0
заказ еды киров на дом круглосуточно,1.00,0.00,0.00,0
заказ еды суп киров,1.00,1.00,100.00,0
быстрая доставка еды на дом,1.00,0.00,0.00,0
доставка японской еды,1.00,0.00,0.00,0
доставка грузинской еды на дом киров,1.00,0.00,0.00,0
заказ на дом еды,1.00,0.00,0.00,0
заказать еду на дому в городе киров,1.00,0.00,0.00,0
доставка еды киров.,1.00,0.00,0.00,0
бесплатная доставка еды на дом,1.00,0.00,0.00,0
заказ еды 43,1.00,0.00,0.00,0
шумовка киров еда на вынос отзывы,1.00,0.00,0.00,0
киров 43 еду,1.00,0.00,0.00,0
китайская еда киров доставка,1.00,0.00,0.00,0
еда на дом заказать,1.00,1.00,100.00,1
онлайн заказ еды,1.00,0.00,0.00,0
доставка японской еды на дом,1.00,0.00,0.00,0
сушилка киров еда на вынос,1.00,0.00,0.00,0
заказ еды киров на дом до 300 руб,1.00,0.00,0.00,0
struykirov11@mail.ru доставка еды,1.00,0.00,0.00,0
заказ.com еды киров,1.00,0.00,0.00,0
все доставки еды киров,1.00,0.00,0.00,0
киров доставка еды шумовка,1.00,1.00,100.00,0
киров доставка еды и напитков,1.00,1.00,100.00,0
как заказать еду из простора киров,1.00,0.00,0.00,0
киров еда заказать,1.00,0.00,0.00,0
заказать еду за 300 рублей,1.00,0.00,0.00,0
заказать японскую еду на дом,1.00,0.00,0.00,0
кафе киров с доставкой еды на дом,1.00,0.00,0.00,0
спс доставка еды,1.00,0.00,0.00,0
доставка еды шумовка,1.00,1.00,100.00,0
домашняя еда киров доставка,1.00,0.00,0.00,0
доставка еды 50% киров,1.00,0.00,0.00,0
заказать еду в кирове на дом круглосуточно,1.00,0.00,0.00,0
дешевая готовая еда киров,1.00,0.00,0.00,0
доставка еды от 300 рублей бесплатно,1.00,0.00,0.00,0
доставка еды по кирову,1.00,0.00,0.00,0
вкусная еда доставка,1.00,0.00,0.00,0
вкусная еда доставка киров,1.00,0.00,0.00,0
заказать еду\,1.00,0.00,0.00,0
заказ еды киров на дом на целый день,1.00,0.00,0.00,0
еда доставка киров бесплатная,1.00,0.00,0.00,0
доставка пиццы за пределы города киров,1.00,0.00,0.00,0
еда под заказ,1.00,0.00,0.00,0
доставка еды к,1.00,0.00,0.00,0
когому доставка еды,1.00,0.00,0.00,0
доставка домашней еды на дом в кирове,1.00,0.00,0.00,0
заказать еду на дом кирове,1.00,0.00,0.00,0
киров заказать еду с доставкой на дом,1.00,0.00,0.00,1
шумовка еда киров,1.00,0.00,0.00,0
недорогая еда в кирове заказать,1.00,0.00,0.00,0
заказа еды киров,1.00,0.00,0.00,0
доставка еды киров круглосуточно киров,1.00,0.00,0.00,0
еда на заказ г.киров,1.00,0.00,0.00,0
заказать еду в столовая киров,1.00,0.00,0.00,0
доставка еды в,1.00,0.00,0.00,0
заказ еды из ресторана на дом киров,1.00,0.00,0.00,0
сайт круглосуточная доставка еды киров,1.00,1.00,100.00,0
киров еде,1.00,0.00,0.00,0
недорогая пицца киров,1.00,0.00,0.00,0
доставка еды в киров,1.00,0.00,0.00,0
доставка еды пунк,1.00,0.00,0.00,0
доставка лапши киров недорого,1.00,0.00,0.00,0
заказ еды бесплатная доставка,1.00,0.00,0.00,0
заказать еды,1.00,0.00,0.00,0
острая еда с доставкой,1.00,0.00,0.00,0
кирова 40 доставка еды,1.00,0.00,0.00,0
еда киров доставка на дом,1.00,0.00,0.00,0
доставка еды цезарь,1.00,0.00,0.00,0
доставка еды киров от 200 рублей,1.00,0.00,0.00,0
доставка меню на неделю киров,1.00,0.00,0.00,0
заказать роллы в кирове недорого,1.00,0.00,0.00,0
заказ еды киров удон,1.00,0.00,0.00,0
доставка еды роллы,1.00,0.00,0.00,0
еда навынос,1.00,0.00,0.00,0
барбекю доставка еды,1.00,0.00,0.00,0
сушилка заказ еды,1.00,0.00,0.00,0
службы доставки еды,1.00,0.00,0.00,0
заказать еду за киров,1.00,0.00,0.00,0
еда с доставкой,1.00,0.00,0.00,0
заказ японской еды на дом киров,1.00,0.00,0.00,0
сервисы по заказу еды,1.00,0.00,0.00,0
заказать.еду киров,1.00,0.00,0.00,0
доставка еды на дом киров сайты,1.00,0.00,0.00,0
заказать домашнюю еду киров,1.00,0.00,0.00,0
заказать еду на дом ассортимент,1.00,0.00,0.00,0
заказать еду на дом киров из кафе,1.00,0.00,0.00,0
еда на дом киров полуфабрикаты,1.00,0.00,0.00,0
доставка еды киров по выходным,1.00,0.00,0.00,0
доставка еды .ру,1.00,0.00,0.00,0
доставка еды киров официальный сайт,1.00,0.00,0.00,0
киров еда с собой,1.00,0.00,0.00,0
еда доставка,1.00,0.00,0.00,0
заказать еду из кафе киров,1.00,0.00,0.00,0
на кирова 93 00 00 доставка еды,1.00,0.00,0.00,0
доставка еды киров долма,1.00,0.00,0.00,0
заказать еду в офис,1.00,0.00,0.00,0
заказать на дом китайскую еду,1.00,0.00,0.00,0
еда из ресторана на дом в кирове,1.00,1.00,100.00,0
доставка еды киров пельмени,1.00,1.00,100.00,1
доставка еды киров шинок,1.00,0.00,0.00,0
заказ японской еды на дом,1.00,0.00,0.00,0
доставка еды цезарь киров,1.00,0.00,0.00,0
доставка еды киров детское меню,1.00,1.00,100.00,0
заказ еды на дом киров киров,1.00,0.00,0.00,0
доставки еды города кирова,1.00,0.00,0.00,0
еда бесплатно киров,1.00,0.00,0.00,0
что заказать в кирове из еды,1.00,0.00,0.00,0
заказать еду в зелёная 43,1.00,0.00,0.00,0
заказ еду на дом киров,1.00,0.00,0.00,0
заказать еду на 50 рублей,1.00,0.00,0.00,0
доставка еды от 200 рублей бесплатно киров,1.00,0.00,0.00,0
еда на дом киров солянка,1.00,0.00,0.00,0
дом еды официальный сайт,1.00,0.00,0.00,0
заказ еда киров,1.00,0.00,0.00,0
домашняя еда с доставкой на дом,1.00,0.00,0.00,0
готовая домашняя еда киров,1.00,1.00,100.00,0
доставка еды в кирове недорого,1.00,0.00,0.00,0
удон киров заказать еду,1.00,0.00,0.00,0
еда в кирове с доставкой,1.00,0.00,0.00,0
киров еда бесплатно.доставка суп,1.00,1.00,100.00,0
киров заказ еды вятский чебурек,1.00,0.00,0.00,0
еда на вынос из ресторана,1.00,0.00,0.00,0
г.киров доставка еды,1.00,0.00,0.00,0
доставка еды кировский,1.00,0.00,0.00,0
столовая киров заказ еды,1.00,0.00,0.00,0
сулугуни киров доставка еды,1.00,0.00,0.00,0
меню доставки еды киров,1.00,0.00,0.00,0
киров доставка готовой еды,1.00,0.00,0.00,0
доставка еды от 200 рублей бесплатно,1.00,0.00,0.00,0
доставка киров еда на дом,1.00,0.00,0.00,0
чизкейк киров ингредиенты купить,1.00,0.00,0.00,0
заказ горячей еды киров,1.00,0.00,0.00,0
сайты заказа еды на дом,1.00,0.00,0.00,0
вкусная доставка еды киров,1.00,0.00,0.00,0
еды43,1.00,0.00,0.00,0
еда на кирова,1.00,0.00,0.00,0
доставка еды от 300 руб,1.00,0.00,0.00,0
сервис доставки еды киров,1.00,0.00,0.00,0
заказ еды киров от 300 рублей,1.00,0.00,0.00,0
заказать на дом еду в кирове салаты,1.00,0.00,0.00,0
еде на дом,1.00,0.00,0.00,0
доставка еды на стошке,1.00,0.00,0.00,0
еда с доставкой в кирове,1.00,0.00,0.00,0
заказать еду на дом киров из ресторана,1.00,0.00,0.00,0
доставка еды киров спк,1.00,0.00,0.00,0
заказать еду по почте,1.00,0.00,0.00,0
доставка еды--пицца,1.00,0.00,0.00,0
дешевая доставка еды,1.00,0.00,0.00,0
лапша по корейски киров доставка еды,1.00,0.00,0.00,0
доставку еды киров,1.00,0.00,0.00,0
заказ еды из ресторана на дом,1.00,0.00,0.00,0
еде 43 еду,1.00,0.00,0.00,0
заказать еду домой в кирове,1.00,0.00,0.00,0
заказ еды в кирове сайты,1.00,0.00,0.00,0
еду43 ру,1.00,0.00,0.00,0
заказать еду вкусную киров,1.00,0.00,0.00,0
заказ еды киров шумовка,1.00,0.00,0.00,1
готовая еда на неделю киров,1.00,0.00,0.00,0
заказ по городу кирову еда,1.00,0.00,0.00,0
доставка грузинской еды киров,1.00,0.00,0.00,0
супчик доставка еды на дом из столовых кирова,1.00,1.00,100.00,0
доставка еды киров закуски,1.00,0.00,0.00,0
киров еда на доставку,1.00,0.00,0.00,0
доставка еды мельников максим сергеевич едаки вк,1.00,0.00,0.00,0
спк заказ еды киров,1.00,0.00,0.00,0
заказать онлайн еду киров,1.00,0.00,0.00,0
заказать еду с доставкой киров,1.00,0.00,0.00,0
еда заказ,1.00,0.00,0.00,0
заказ еды 43 киров официальный сайт киров,1.00,0.00,0.00,0
43еду киров,1.00,0.00,0.00,0
доставка еды киров куриный суп,1.00,0.00,0.00,0
три медведя доставка еды,1.00,0.00,0.00,0
доставка детской еды на дом,1.00,0.00,0.00,0
на кирова 93 00 00 доставка еды плавания,1.00,0.00,0.00,0
заказ еды г.киров круглосуточно,1.00,0.00,0.00,0
недорого заказать еду на дом,1.00,0.00,0.00,0
доставка еды от 300 рублей,1.00,0.00,0.00,0
доставка еды на неделю киров,1.00,0.00,0.00,0
заказать еду на дом киров круглосуточно доставка бесплатно,1.00,0.00,0.00,0
киров доставка домашней еды,1.00,0.00,0.00,0
шумовка доставка еды киров,1.00,1.00,100.00,0
шуберт еда 43,1.00,0.00,0.00,0
доставка еды киров столовая,1.00,0.00,0.00,0
доставка еды мангал киров,1.00,0.00,0.00,0
заказать еду на дом киров удон,1.00,0.00,0.00,0
доставка еды киров лучшее,1.00,0.00,0.00,0
заказ еды в кирове круглосуточно на дом,1.00,0.00,0.00,0
заказ киров еды,1.00,0.00,0.00,0
еда на вынос калинина,1.00,0.00,0.00,0
доставка японской еды киров,1.00,0.00,0.00,0
заказать еды на дом в кирове,1.00,0.00,0.00,0
проверка доставки еды,1.00,0.00,0.00,0
доставка еды - пицца,1.00,0.00,0.00,0
заказ еду на дом,1.00,0.00,0.00,0
заказать еду с доставкой на дом в кирове,1.00,1.00,100.00,0
доставка еды онлайн,1.00,0.00,0.00,0
доставка еды киров от 200,1.00,0.00,0.00,0
еда по дням купить киров,1.00,0.00,0.00,0
заказать вкусную еду в офис киров,1.00,0.00,0.00,0
доставка на дом еды,1.00,0.00,0.00,0
заказать еду на дом киров круглосуточно доставка,1.00,0.00,0.00,0
рестораны кирова с заказом еды домой,1.00,0.00,0.00,0
доставка домашней еды,1.00,0.00,0.00,0
заказ еды с доставкой,1.00,0.00,0.00,0
заказ еды из ресторана киров,1.00,0.00,0.00,0
заказать еду на дом на заказ,1.00,0.00,0.00,0
вкусная еда киров с минимальной доставкой,1.00,0.00,0.00,0
доставка готовой еды в кирове,1.00,0.00,0.00,0
доставка еды коминтерн киров,1.00,0.00,0.00,0
еду 43 киров,1.00,0.00,0.00,0
еда домой доставка,1.00,0.00,0.00,0
здоровая еда на вынос киров,1.00,0.00,0.00,0
киров мамедов чебуреки,1.00,0.00,0.00,0
кухня доставки готовой еды,1.00,0.00,0.00,0
заказ киров еда,1.00,0.00,0.00,0
доставка еды хочу есть киров,1.00,0.00,0.00,0
еда киров рф,1.00,0.00,0.00,0
заказ еды г.киров,1.00,0.00,0.00,0
заказать онлайн еду,1.00,0.00,0.00,0
заказать еду из ресторана на дом киров,1.00,0.00,0.00,0
доставка еды в больницы кирова,1.00,0.00,0.00,0
Пицца,1644,31,,1
заказать пиццу кирова,161.00,0.00,0.00,0
заказать пиццу киров,160.00,4.00,2.50,0
заказ пиццы кирова,94.00,0.00,0.00,0
пицца киров заказать,81.00,0.00,0.00,0
пицца киров доставка,79.00,0.00,0.00,0
заказать пиццу в кирове,76.00,0.00,0.00,0
доставка пиццы,74.00,3.00,4.05,0
доставка пиццы в кирове,61.00,0.00,0.00,0
заказ пиццы киров,45.00,0.00,0.00,0
доставка пиццы киров,42.00,0.00,0.00,0
заказать пиццу,41.00,0.00,0.00,0
пицца в кирове,31.00,0.00,0.00,0
заказать пиццу в кирове с доставкой,27.00,0.00,0.00,0
пицца заказать киров,24.00,0.00,0.00,0
доставка пиццы кирова,22.00,0.00,0.00,0
заказ пиццы в кирове с бесплатной доставкой,22.00,1.00,4.55,0
пицца в кирове с доставкой,16.00,0.00,0.00,0
пицца киров,16.00,0.00,0.00,0
пицца кирова,15.00,0.00,0.00,0
купить пиццу в кирове,14.00,1.00,7.14,0
киров пицца с доставкой,13.00,0.00,0.00,0
пицца с доставкой киров,13.00,0.00,0.00,0
заказ пиццы в кирове с доставкой,13.00,0.00,0.00,0
пицца доставка киров,12.00,0.00,0.00,0
киров заказать пиццу,11.00,1.00,9.09,0
заказ пицца киров,11.00,0.00,0.00,0
пицца киров заказать с доставкой,10.00,1.00,10.00,0
заказ пиццы,10.00,0.00,0.00,0
вкусная пицца в кирове с доставкой,10.00,0.00,0.00,0
заказ пиццы в кирове,9.00,0.00,0.00,0
заказать пиццу в кирове на дом,9.00,0.00,0.00,0
киров пицца доставка,8.00,0.00,0.00,0
киров пицца заказать,7.00,0.00,0.00,0
пицца доставка,7.00,0.00,0.00,0
доставка пицца киров,7.00,1.00,14.29,0
вкусная пицца киров,6.00,0.00,0.00,0
пицца охотничья,6.00,0.00,0.00,0
пицца киров доставка круглосуточно,6.00,1.00,16.67,0
купить пиццу киров,5.00,0.00,0.00,0
где можно заказать пиццу в кирове,5.00,0.00,0.00,0
киров заказ пиццы,5.00,0.00,0.00,0
доставка пиццы и роллов киров,5.00,1.00,20.00,0
"киров , кировская область заморозка полуфабрикаты оптом чебуреки, пиццы",5.00,0.00,0.00,0
где заказать пиццу в кирове,5.00,0.00,0.00,0
пицца 30 см,5.00,0.00,0.00,0
пицца с доставкой в кирове,5.00,0.00,0.00,0
пицца киров бесплатная доставка,4.00,0.00,0.00,0
заказать пиццу на дом,4.00,0.00,0.00,0
заказ пиццы на дом,4.00,0.00,0.00,0
пицца на дом киров,4.00,0.00,0.00,0
заказать пиццу в кирове на дом круглосуточно,4.00,0.00,0.00,0
киров доставка пиццы,3.00,0.00,0.00,0
пицца киров с бесплатной доставкой,3.00,0.00,0.00,0
пицца на вынос киров,3.00,0.00,0.00,0
вкусная пицца в кирове,3.00,0.00,0.00,0
заказ пиццы на дом киров,3.00,0.00,0.00,0
пицца купить в кирове,3.00,0.00,0.00,0
купить пиццу в кирове недорого,3.00,1.00,33.33,0
пицца заказать,3.00,0.00,0.00,0
пицца в кирове заказать,3.00,0.00,0.00,0
доставка киров пицца,3.00,0.00,0.00,0
заказать пиццу на дом в кирове,3.00,0.00,0.00,0
заказать вкусную пиццу киров,3.00,1.00,33.33,0
пицца на заказ в кирове,3.00,0.00,0.00,0
пицца на дом с бесплатной доставкой киров,3.00,0.00,0.00,0
заказать пиццу в кирове с доставкой цена,3.00,2.00,66.67,0
в кирове заказать пицца,3.00,0.00,0.00,0
роллы пицца киров,3.00,0.00,0.00,0
доставка пиццы от 300 киров,2.00,0.00,0.00,0
киров закат пиццу,2.00,0.00,0.00,0
наша пицца киров доставка,2.00,0.00,0.00,0
заказать пиццу киров бесплатная доставка,2.00,0.00,0.00,0
до до пицца заказать киров,2.00,0.00,0.00,0
forfor.ru пицца киров,2.00,0.00,0.00,0
заказать пиццу а г.киров,2.00,0.00,0.00,0
как заказать пиццу,2.00,0.00,0.00,0
морская пицца киров,2.00,1.00,50.00,0
заказать пиццу г. киров,2.00,0.00,0.00,0
доставка пиццы шумовка,2.00,0.00,0.00,0
заказать пиццу в киров,2.00,0.00,0.00,0
киров 43 пиццы сайт,2.00,0.00,0.00,0
киров пицца на заказ,2.00,0.00,0.00,0
доставка еды-пицца,2.00,0.00,0.00,0
пицца на дом с бесплатной доставкой,2.00,0.00,0.00,0
пицца заказать в кирове,2.00,0.00,0.00,0
пицца с бесплатной доставкой киров,2.00,0.00,0.00,0
киров шумовка пицца карбонар,2.00,0.00,0.00,0
пицца киров заказать доставку,2.00,0.00,0.00,0
наша пицца киров заказ,2.00,0.00,0.00,0
сушилка киров доставка пиццы,2.00,0.00,0.00,0
пицца киров доставка заказать недорого,2.00,1.00,50.00,0
пицца киров вкусная,2.00,0.00,0.00,0
пицца и роллы киров,2.00,0.00,0.00,0
заказать пиццу и закуски киров,2.00,1.00,50.00,0
шумовка киров пицца,2.00,1.00,50.00,0
вкусная пицца с доставкой киров,2.00,0.00,0.00,0
заказать пиццу на дом киров,2.00,1.00,50.00,0
пицца на заказ с доставкой,2.00,0.00,0.00,0
пицца на дом вахруши,2.00,0.00,0.00,0
шумовка киров доставка пиццы прайс,2.00,1.00,50.00,0
шумовка калинина 40 какие пиццы,2.00,0.00,0.00,0
пицца заказ киров,2.00,0.00,0.00,0
пицца недорогая киров,2.00,0.00,0.00,0
заказать пиццу в кирове на дом по безналу,2.00,0.00,0.00,0
киров пицца бесплатная доставка,2.00,0.00,0.00,0
доставка роллов и пиццы киров,2.00,0.00,0.00,0
киров пицца купить,2.00,0.00,0.00,0
пицца картошка фри киров доставка,2.00,0.00,0.00,0
г киров заказ пиццы,2.00,0.00,0.00,0
заказать пиццу и роллы киров,2.00,0.00,0.00,0
заказать пиццу киров доставка бесплатно,2.00,0.00,0.00,0
киров заказать пиццу на дом,2.00,0.00,0.00,0
вкусные пиццы в кирове,2.00,0.00,0.00,0
пицца киров забрать самому,2.00,0.00,0.00,0
пицца,2.00,0.00,0.00,0
г киров заказ пицца,2.00,0.00,0.00,0
пицца меню,2.00,0.00,0.00,0
пицца киров заказ,2.00,0.00,0.00,0
пиццы в кирове,2.00,0.00,0.00,0
пиццы киров доставка,2.00,0.00,0.00,0
доставка еды~пицца,2.00,0.00,0.00,0
заказать вкусную пиццу в кирове,2.00,0.00,0.00,0
охотничья пицца,2.00,0.00,0.00,0
пицца киров доставка самая быстрая,2.00,0.00,0.00,0
пицц заказать,2.00,0.00,0.00,0
заказа. пиццу,2.00,0.00,0.00,0
пицца киров с доставкой,2.00,0.00,0.00,0
доставка еды~~пицца,2.00,0.00,0.00,0
киров заказ пиццы на дом,1.00,0.00,0.00,0
заказать пиццу в кирове с доставкой цена 450,1.00,1.00,100.00,0
калинина 40 пиццерия,1.00,1.00,100.00,0
заказ пиццы на дом бесплатная доставка киров,1.00,0.00,0.00,0
детское меню в пиццерии,1.00,0.00,0.00,0
заказ пиццы киров цена,1.00,0.00,0.00,0
заказать пиццу в кирове с доставкой до до,1.00,0.00,0.00,0
киров пицца картошка фри доставка,1.00,0.00,0.00,0
заказать еду киров роллы + пицца,1.00,0.00,0.00,0
киров заказать пиццу доставка от 150 рублей,1.00,0.00,0.00,0
пицца с морепродуктами киров,1.00,0.00,0.00,0
киров пиццу заказать,1.00,0.00,0.00,0
круглосуточная доставка пиццы киров,1.00,0.00,0.00,0
кафе пиццы роллы,1.00,0.00,0.00,0
заказ пиццы и роллов на дом киров,1.00,0.00,0.00,0
пицца киров доставка сейчас,1.00,0.00,0.00,0
пицца и роллы киров заказать,1.00,0.00,0.00,0
пицца от 190 рублей с бесплатной доставкой,1.00,0.00,0.00,0
пицца 4 сыра с доставкой,1.00,0.00,0.00,0
хочу заказать пиццу на дом в кирове,1.00,0.00,0.00,0
пицца бесплатная доставка киров,1.00,0.00,0.00,0
киров доставка пицца,1.00,0.00,0.00,0
пицца дешевая с доставкой,1.00,0.00,0.00,0
пиццерия киров доставка,1.00,0.00,0.00,0
доставка пиццы кировская область,1.00,0.00,0.00,0
закапицца киров,1.00,0.00,0.00,0
заказать пиццу г киров,1.00,0.00,0.00,0
пиццерия кирова,1.00,0.00,0.00,0
вкусно пицца меню,1.00,0.00,0.00,0
купить пиццу в кирове с доставкой,1.00,0.00,0.00,0
заказать пиццу калинина,1.00,0.00,0.00,0
нинзяпицца,1.00,0.00,0.00,0
лучшие пиццы в кирове с доставкой,1.00,0.00,0.00,0
пицц киров,1.00,0.00,0.00,0
заказать пиццу киров доставка,1.00,2.00,200.00,0
пицца киров доставка бесплатная,1.00,0.00,0.00,0
киров пицца заказать доставка бесплатно,1.00,0.00,0.00,0
заказ пиццы киров без помидор,1.00,0.00,0.00,0
заказать в кирове пиццу,1.00,0.00,0.00,0
пицца киров с семгой,1.00,0.00,0.00,0
доставка пиццы на дом,1.00,0.00,0.00,0
заказать вкусную пиццу на дом,1.00,0.00,0.00,0
где заказать пиццу сырную,1.00,0.00,0.00,0
доставка пиццы за пределы города киров,1.00,0.00,0.00,0
заказ пиццы на дом бесплатная доставка,1.00,0.00,0.00,0
купить пиццу с доставкой в кирове,1.00,0.00,0.00,0
шумовка киров пицца отзывы,1.00,0.00,0.00,0
доставка пиццы бесплатно киров,1.00,0.00,0.00,0
роллы и пицца заказ,1.00,0.00,0.00,0
вкусная пицца доставка киров,1.00,0.00,0.00,0
шум гам киров калинина 40 пиццерия,1.00,0.00,0.00,0
шумовка пицца киров,1.00,0.00,0.00,0
заказать нам пиццу,1.00,0.00,0.00,0
заказала пиццу,1.00,0.00,0.00,0
киров где заказать вкусную пиццу,1.00,0.00,0.00,0
самая вкусная пицца в кирове,1.00,0.00,0.00,0
недорогая пицца киров,1.00,0.00,0.00,0
пицца и роллы с доставкой,1.00,0.00,0.00,0
пицца с доставкой,1.00,0.00,0.00,0
миа куста пицца киров,1.00,0.00,0.00,0
пицца заказать бесплатная доставка киров,1.00,0.00,0.00,0
купить пиццу,1.00,0.00,0.00,0
пицца на заказ,1.00,0.00,0.00,0
заказать пицца киров,1.00,0.00,0.00,0
японочка.43 пиццерия,1.00,0.00,0.00,0
пицца роллы доставка,1.00,0.00,0.00,0
доставки пиццы киров,1.00,0.00,0.00,0
купить пиццу с доставкой,1.00,0.00,0.00,0
пицца роллы пельмени,1.00,0.00,0.00,0
доставка пиццы калинина,1.00,0.00,0.00,0
быстрая доставка пиццы на дом,1.00,0.00,0.00,0
заказать пиццу киров дешево,1.00,0.00,0.00,0
наша пицца киров официальный сайт,1.00,0.00,0.00,0
пицца в кирове за 200 рублей,1.00,0.00,0.00,0
заказать пиццу 30 минут доставка в кирове,1.00,0.00,0.00,0
сушилка пицца киров доставка,1.00,0.00,0.00,0
заказ пиццы с доставкой в кирове,1.00,0.00,0.00,0
киров заказать пиццу с доставкой от 350 р,1.00,0.00,0.00,0
пицца за 200 рублей в кирове,1.00,0.00,0.00,0
купить пиццу в,1.00,0.00,0.00,0
заказ пиццы в киров,1.00,0.00,0.00,0
пицца заказать бесплатная доставка,1.00,0.00,0.00,0
40 см пицца,1.00,0.00,0.00,0
пицца киров круглосуточно доставка,1.00,0.00,0.00,0
пицца 4 сыра с доставкой киров,1.00,0.00,0.00,0
пицца на заказ киров,1.00,0.00,0.00,0
меню пицца,1.00,0.00,0.00,0
пицца на заказ с доставкой киров,1.00,0.00,0.00,0
пицца на заказ в кирове бесплатно,1.00,0.00,0.00,0
заказать пиццу в городе кирове,1.00,0.00,0.00,0
доставка пицца в кирове,1.00,0.00,0.00,0
пицца морская в кирове,1.00,1.00,100.00,0
заказ и доставка пиццы в кирове,1.00,0.00,0.00,0
заказ пицца в кирове,1.00,0.00,0.00,0
пицца киров доставка круглосуточно киров,1.00,0.00,0.00,0
пицца за4ахать киров,1.00,0.00,0.00,0
пиццей пиццей,1.00,0.00,0.00,0
доставку пиццу в кирове,1.00,0.00,0.00,0
заказ пиццы в кирове с доставкой круглосуточно,1.00,0.00,0.00,0
доставка еды--пицца,1.00,0.00,0.00,0
заказать пиццу бесплатно,1.00,0.00,0.00,0
пицца где заказать,1.00,0.00,0.00,0
доставка пиццы по кирову,1.00,0.00,0.00,0
пицца детская купить в кирове,1.00,0.00,0.00,0
пиццу заказать,1.00,0.00,0.00,0
пицца доставка бесплатно,1.00,0.00,0.00,0
пиццу купить в кирове,1.00,0.00,0.00,0
заказ пиццы 50 см киров,1.00,0.00,0.00,0
пиццен,1.00,0.00,0.00,0
где можно заказать в г кирове пиццу с доставкой,1.00,0.00,0.00,0
суши пицца калинина 40,1.00,0.00,0.00,0
заказать пиццу с доставкой киров,1.00,0.00,0.00,0
киров пицца с доставкой круглосуточно,1.00,0.00,0.00,0
самая мясная пицца киров,1.00,0.00,0.00,0
заказать пиццу в кирове от 500,1.00,0.00,0.00,0
роллы пицца киров доставка,1.00,0.00,0.00,0
г киров доставка пиццы роллов салатов цены меню,1.00,0.00,0.00,0
доставка пиццы киров 300 рублей,1.00,0.00,0.00,0
доставка китайской лапши и пиццы киров,1.00,0.00,0.00,0
заказать пиццу киров круглосуточно,1.00,0.00,0.00,0
сколько стоит пицца с доставкой в кирове,1.00,0.00,0.00,0
кафе киров с вкусной пиццей и мясом,1.00,1.00,100.00,0
заказать пиццу охотничью,1.00,0.00,0.00,0
шумовка пиццы отзывы,1.00,0.00,0.00,0
заказ пиццу киров,1.00,0.00,0.00,0
домой пицца киров цены,1.00,0.00,0.00,0
пицца киров доставка сушилка,1.00,0.00,0.00,0
пицца мясная,1.00,0.00,0.00,0
доставка пиццы киров круглосуточно,1.00,0.00,0.00,0
доставка еды - пицца,1.00,0.00,0.00,0
доставка пиццы г киров,1.00,0.00,0.00,0
заказать пиццу и салаты кирове,1.00,1.00,100.00,1
заказать пиццу кирове,1.00,0.00,0.00,0
киров пицца,1.00,0.00,0.00,0
пицца киров доставка до 00,1.00,0.00,0.00,0
доставка пицца,1.00,0.00,0.00,0
в кирове заказать пиццу,1.00,0.00,0.00,0
морская пицца заказать киров,1.00,0.00,0.00,0
быстрая доставка пиццы киров,1.00,0.00,0.00,0
пицца ассортимент,1.00,0.00,0.00,0
доставка пиццы сколько стоит,1.00,0.00,0.00,0
пицца на дом в кирове,1.00,0.00,0.00,0
заказать пиццу в кирове на дом до до пицца,1.00,0.00,0.00,0
заказать пиццу роллы киров,1.00,0.00,0.00,0
Роллы,877,10,,0
заказать роллы в кирове,125.00,0.00,0.00,0
заказать роллы киров,71.00,1.00,1.41,0
заказать роллы в кирове с бесплатной доставкой,62.00,0.00,0.00,0
вкусные роллы киров,39.00,0.00,0.00,0
заказать роллы,29.00,0.00,0.00,0
доставка роллов,28.00,0.00,0.00,0
доставка роллов киров,20.00,0.00,0.00,0
доставка роллов в кирове,18.00,0.00,0.00,0
роллы доставка киров,18.00,0.00,0.00,0
запеченные роллы в кирове,16.00,2.00,12.50,0
горячие роллы в кирове,14.00,0.00,0.00,0
роллы в кирове заказать,13.00,1.00,7.69,0
роллы киров заказать,12.00,0.00,0.00,0
заказ роллов в кирове с доставкой,12.00,0.00,0.00,0
заказ роллов киров,11.00,0.00,0.00,0
роллы киров,11.00,0.00,0.00,0
купить роллы в кирове,11.00,0.00,0.00,0
заказать роллы на дом киров,11.00,0.00,0.00,0
вкусные роллы киров доставка,10.00,0.00,0.00,0
роллы в кирове,10.00,0.00,0.00,0
роллы в кирове с доставкой,10.00,0.00,0.00,0
доставка роллы киров,9.00,0.00,0.00,0
заказ роллов в кирове,8.00,0.00,0.00,0
роллы киров доставка,8.00,1.00,12.50,0
роллы с доставкой киров,7.00,0.00,0.00,0
роллы заказать,7.00,0.00,0.00,0
купить роллы в кирове с доставкой,7.00,0.00,0.00,0
поесть роллы в кирове,6.00,0.00,0.00,0
заказ роллов на дом киров,6.00,0.00,0.00,0
киров роллы доставка,5.00,0.00,0.00,0
вкусные роллы в кирове,5.00,0.00,0.00,0
роллы на дом киров,5.00,0.00,0.00,0
заказать роллы в кирове на дом недорого,5.00,0.00,0.00,0
доставка пиццы и роллов киров,5.00,1.00,20.00,0
киров заказ роллов на дом,5.00,0.00,0.00,0
заказать роллы в кирове на дом,5.00,0.00,0.00,0
киров роллы на заказ,4.00,0.00,0.00,0
где заказать роллы в кирове,4.00,0.00,0.00,0
роллы заказать на дом киров,4.00,0.00,0.00,0
роллы киров заказ,4.00,0.00,0.00,0
киров доставка роллов сайт,3.00,0.00,0.00,0
роллы киров купить,3.00,0.00,0.00,0
роллы купить,3.00,0.00,0.00,0
роллы на заказ киров,3.00,0.00,0.00,0
киров роллы на дом,3.00,0.00,0.00,0
купить роллы,3.00,0.00,0.00,0
киров заказать роллы,3.00,0.00,0.00,0
калинина 40 киров роллы,3.00,0.00,0.00,0
роллы с курицей киров,3.00,0.00,0.00,0
роллы пицца киров,3.00,0.00,0.00,0
сушилка киров доставка роллов киров меню,3.00,0.00,0.00,0
роллы киров 24 часа,2.00,0.00,0.00,0
заказ доставка роллов киров,2.00,0.00,0.00,0
заказать роллы в кирове на дом круглосуточно,2.00,0.00,0.00,0
заказать роллы с доставкой на дом киров,2.00,0.00,0.00,0
роллы киров доставка отзывы,2.00,0.00,0.00,0
доставка роллов на дом киров,2.00,0.00,0.00,0
роллы доставка на дом киров,2.00,0.00,0.00,0
доставка роллы,2.00,0.00,0.00,0
доставка еды роллы киров,2.00,0.00,0.00,0
роллы на заказ,2.00,0.00,0.00,0
вкусные роллы с доставкой киров,2.00,0.00,0.00,0
роллы с доставкой,2.00,0.00,0.00,0
заказать роллы на дом в кирове,2.00,0.00,0.00,0
купить роллы в кирове с,2.00,0.00,0.00,0
заказать роллы с доставкой,2.00,0.00,0.00,0
заказать роллы в кирове на дом с бесплатной доставкой,2.00,0.00,0.00,0
роллы большие заказать киров,2.00,0.00,0.00,0
пицца и роллы киров,2.00,0.00,0.00,0
доставка ролл в кирове,2.00,0.00,0.00,0
киров заказ роллов,2.00,0.00,0.00,0
заказать вкусные роллы,2.00,0.00,0.00,0
самые богатые роллы в кирове,2.00,0.00,0.00,0
роллы киров бесплатная доставка,2.00,0.00,0.00,0
доставка роллов и пиццы киров,2.00,0.00,0.00,0
киров шумовка кафе заказать роллы,2.00,1.00,50.00,0
заказать роллы на дом,2.00,0.00,0.00,0
заказать пиццу и роллы киров,2.00,0.00,0.00,0
заказ роллов на дом,2.00,0.00,0.00,0
роллы заказать киров,2.00,0.00,0.00,0
киров роллы на заказ доставка,2.00,0.00,0.00,0
заказ роллы,2.00,0.00,0.00,0
роллы киров официальный сайт киров,2.00,0.00,0.00,0
заказать роллы с доставкой киров,2.00,0.00,0.00,0
роллы киров кафе,2.00,0.00,0.00,0
детские роллы в кирове заказать,2.00,0.00,0.00,0
роллы с доставкой на дом киров,2.00,0.00,0.00,0
роллы киров с беконом,2.00,0.00,0.00,0
заказать роллы домой киров,2.00,0.00,0.00,0
заказ ролл,2.00,0.00,0.00,0
шумовка роллы,2.00,1.00,50.00,0
роллы киров цена,2.00,0.00,0.00,0
роллы киров на дом,2.00,0.00,0.00,0
заказ роллов на вынос киров,2.00,0.00,0.00,0
роллы в кирове с бесплатной доставкой,1.00,0.00,0.00,0
заказать роллы сейчас,1.00,0.00,0.00,0
заказ доставка роллов,1.00,0.00,0.00,0
роллы заказать на дом,1.00,0.00,0.00,0
заказать еду киров роллы + пицца,1.00,0.00,0.00,0
450 рублей роллы киров,1.00,0.00,0.00,0
роллы на заказ с доставкой,1.00,0.00,0.00,0
доставка роллов г киров,1.00,0.00,0.00,0
кафе пиццы роллы,1.00,0.00,0.00,0
заказ пиццы и роллов на дом киров,1.00,0.00,0.00,0
заказать роллы через интернет,1.00,0.00,0.00,0
пицца и роллы киров заказать,1.00,0.00,0.00,0
роллы блинок щаказать к роао сереук,1.00,0.00,0.00,0
заказать вкусные роллы с доставкой на дом,1.00,0.00,0.00,0
роллы большие заказать,1.00,0.00,0.00,0
роллы цена киров,1.00,0.00,0.00,0
роллы 1000 гр за 490 киров,1.00,0.00,0.00,0
роллы киров с доставкой,1.00,0.00,0.00,0
заказать вкусные роллы с бесплатной доставкой,1.00,0.00,0.00,0
сколько стоит заказать роллы домой,1.00,0.00,0.00,0
заказать вкусные роллы с доставкой,1.00,0.00,0.00,0
самые вкусные роллы в кирове,1.00,0.00,0.00,0
роллы филадельфия в кирове,1.00,0.00,0.00,0
киров доставка роллов,1.00,0.00,0.00,0
киров роллы доставка бесплатная,1.00,0.00,0.00,0
вкусные роллы на заказ,1.00,0.00,0.00,0
роллы и пицца заказ,1.00,0.00,0.00,0
где купить роллы в кирове,1.00,0.00,0.00,0
заказать вкусные роллы с доставкой киров,1.00,0.00,0.00,0
заказать роллы в кирове на дом данар,1.00,0.00,0.00,0
пицца и роллы с доставкой,1.00,0.00,0.00,0
кировский ролл с курой,1.00,0.00,0.00,0
заказать вкусные роллы киров,1.00,0.00,0.00,0
заказать в кирове роллы,1.00,0.00,0.00,0
заказать роллы в кирове на дом сушилка,1.00,0.00,0.00,0
заказ роллы на дом киров,1.00,0.00,0.00,0
пицца роллы доставка,1.00,0.00,0.00,0
заказать роллы в кирове недорого,1.00,0.00,0.00,0
доставка еды роллы,1.00,0.00,0.00,0
пицца роллы пельмени,1.00,0.00,0.00,0
заказать ролла киров,1.00,0.00,0.00,0
роллы с доставкой в кирове,1.00,0.00,0.00,0
заказ роллов киров круглосуточно,1.00,0.00,0.00,0
роллы киров сайт,1.00,0.00,0.00,0
цезарь ролл киров,1.00,0.00,0.00,0
"""роллы супы горячие"" холодные",1.00,0.00,0.00,0
доставка роллов на дом,1.00,0.00,0.00,0
киров бесплатная доставка роллов,1.00,0.00,0.00,0
роллы в кирове доставка,1.00,0.00,0.00,0
роллы с беконом киров,1.00,1.00,100.00,0
роллы с бесплатной доставкой,1.00,0.00,0.00,0
заказать роллы через интернет киров,1.00,0.00,0.00,0
горячие роллы киров,1.00,0.00,0.00,0
хочу заказать роллы,1.00,0.00,0.00,0
доставка роллов и лапши киров,1.00,0.00,0.00,0
заказать роллы кирове,1.00,0.00,0.00,0
сушилка киров доставка роллов киров,1.00,0.00,0.00,0
ролл филадельфия заказать,1.00,0.00,0.00,0
до дома роллы,1.00,0.00,0.00,0
роллы киров вкусные,1.00,0.00,0.00,0
роллы доставка,1.00,0.00,0.00,0
заказать роллы домой,1.00,0.00,0.00,0
роллы доставка на дом,1.00,0.00,0.00,0
где заказать роллы,1.00,0.00,0.00,0
бизроллы,1.00,0.00,0.00,0
киров вкусные роллы,1.00,0.00,0.00,0
заказ на дом суши роллы,1.00,0.00,0.00,0
заказать ролл в кирове,1.00,0.00,0.00,0
заказать вкусные роллы с бесплатной доставкой киров,1.00,0.00,0.00,0
роллы пицца киров доставка,1.00,0.00,0.00,0
заказ ролл киров,1.00,0.00,0.00,0
вкусные роллы с доставкой,1.00,0.00,0.00,0
вкусные роллы на заказ киров,1.00,0.00,0.00,0
г киров доставка пиццы роллов салатов цены меню,1.00,0.00,0.00,0
заказать роллы с доставкой на дом,1.00,0.00,0.00,0
кафе роллы киров,1.00,0.00,0.00,0
заказ роллов на вынос,1.00,0.00,0.00,0
роллы киров доставка круглосуточно,1.00,0.00,0.00,0
доставка роллов и лапши,1.00,0.00,0.00,0
доставка ролл киров,1.00,0.00,0.00,0
заказать роллы в кирове до до,1.00,0.00,0.00,0
заказать роллы киров бесплатная доставка,1.00,0.00,0.00,0
меню роллы,1.00,0.00,0.00,0
роллы вкусные заказать,1.00,0.00,0.00,0
роллы с доставкой на дом,1.00,0.00,0.00,0
заказать покушать город киров роллы,1.00,0.00,0.00,0
заказать запеченные роллы киров,1.00,0.00,0.00,0
хочу заказать роллы киров,1.00,0.00,0.00,0
доставка роллы динары,1.00,0.00,0.00,0
домик 43 роллы,1.00,0.00,0.00,0
заказать вкусные роллы с бесплатной доставкой в кирове,1.00,0.00,0.00,0
заказать роллов в киров,1.00,0.00,0.00,0
заказать роллов,1.00,0.00,0.00,0
купить роллы киров,1.00,0.00,0.00,0
заказать вкусные роллы с бесплатной доставкой на дом,1.00,0.00,0.00,0
заказать пиццу роллы киров,1.00,0.00,0.00,0
доставка роллов киров круглосуточно,1.00,0.00,0.00,0
роллы закуска киров,1.00,1.00,100.00,0
Чебурек,758,54,,2
вятский чебурек,71.00,1.00,1.41,0
чебуреки киров,69.00,6.00,8.70,0
вятский чебурек киров официальный сайт,43.00,0.00,0.00,0
чебуречная киров,40.00,0.00,0.00,0
вятский чебурек киров доставка,38.00,0.00,0.00,0
чебуреки киров доставка,24.00,7.00,29.17,1
доставка чебуреков киров,20.00,6.00,30.00,0
чебурек 43 киров,17.00,1.00,5.88,0
чебуреки те самые киров,13.00,0.00,0.00,0
доставка чебуреков,13.00,0.00,0.00,0
заказать чебуреки с доставкой,13.00,0.00,0.00,0
вятский чебурек киров официальный сайт меню цены,12.00,0.00,0.00,0
чебуречная,11.00,0.00,0.00,0
вятский чебурек доставка,10.00,0.00,0.00,0
вятский чебурек меню,10.00,0.00,0.00,0
чебуреки с доставкой,9.00,0.00,0.00,0
вятские чебуреки киров,7.00,0.00,0.00,0
вятский чебурек киров меню,7.00,0.00,0.00,0
чебурек 43,6.00,0.00,0.00,0
чебуреки доставка,6.00,0.00,0.00,0
чебуречная в кирове,5.00,1.00,20.00,0
"киров , кировская область заморозка полуфабрикаты оптом чебуреки, пиццы",5.00,0.00,0.00,0
чебуречные в кирове,5.00,0.00,0.00,0
чебуреки доставка киров,5.00,4.00,80.00,1
вкусные чебуреки в кирове,5.00,0.00,0.00,0
заказать чебуреки с доставкой в кирове,4.00,2.00,50.00,0
чебуречные киров,4.00,1.00,25.00,0
чебуреки 43 киров,4.00,0.00,0.00,0
чебуреки в кирове,4.00,1.00,25.00,0
киров заказ чебуреков,4.00,1.00,25.00,0
горячий чебурек киров,3.00,0.00,0.00,0
самые вкусные чебуреки киров,3.00,0.00,0.00,0
кировский чебурек,3.00,0.00,0.00,0
те самые чебуреки киров,3.00,0.00,0.00,0
чебуреки кировский,3.00,0.00,0.00,0
заказать чебуреки в кирове,3.00,1.00,33.33,0
чебуреки заказать,3.00,0.00,0.00,0
чебурек киров,3.00,0.00,0.00,0
чебуреки на заказ кировский рн спб,3.00,0.00,0.00,0
вкусные чебуреки киров,3.00,0.00,0.00,0
кресло-чебурек,3.00,0.00,0.00,0
где купить узбекские чебуреки на центрального рынка г. киров,3.00,0.00,0.00,0
вятский чебурек официальный сайт прайс меню,2.00,0.00,0.00,0
вятская чебурек,2.00,0.00,0.00,0
вятский чебурек официальный,2.00,0.00,0.00,0
чебурек заказать,2.00,0.00,0.00,0
чебуреки с мясом доставка на дом киров,2.00,0.00,0.00,0
чебуречная киров доставка,2.00,0.00,0.00,0
гриль бар фестиваль 3 этаж меню маленькие чебуреки,2.00,0.00,0.00,0
чебуречная 43 киров,2.00,0.00,0.00,0
чебурек глобус,2.00,0.00,0.00,0
чебуреки азина,2.00,0.00,0.00,0
заказ чебуреки,2.00,0.00,0.00,0
кресло чебурек,2.00,0.00,0.00,0
чебуреки киров доставка 24,2.00,1.00,50.00,0
вятский чебурек заказать,2.00,0.00,0.00,0
вятские чебурек киров доставка,2.00,0.00,0.00,0
какие чебуреки имеются в кафе вятский чебурек и их цена,2.00,0.00,0.00,0
вятский чебурек киров официальный,2.00,0.00,0.00,0
вятский чебурек киров,2.00,0.00,0.00,0
чебуреки оптом киров,2.00,0.00,0.00,0
купить в кирове чебуреки,2.00,0.00,0.00,0
киров вятские чебуреки,2.00,0.00,0.00,0
город вожгалы кировская область мясные полуфабрикаты чебуреки,2.00,0.00,0.00,0
чебуреки те самые киров адреса,2.00,0.00,0.00,0
вятские чебуреки,2.00,0.00,0.00,0
самые вкусные чебуреки в кирове,2.00,0.00,0.00,0
чебуреки горячая штучка киров купить,2.00,0.00,0.00,0
чебурек 43 киров свободы,2.00,0.00,0.00,0
чебуреки из детей в кирове в войну,2.00,0.00,0.00,0
киров купить чебуреки,2.00,0.00,0.00,0
заказать чебуреки,2.00,0.00,0.00,0
чебурек 43 киров заказать,2.00,1.00,50.00,0
купить чебуреки с доставкой на дом в кирове,2.00,1.00,50.00,0
щедрый хутор вязки чебуреки,2.00,0.00,0.00,0
чебуреки кирово-чепецк,2.00,0.00,0.00,0
вятские чебуреки киров доставка,2.00,0.00,0.00,0
чебуреки заказать с доставкой,2.00,0.00,0.00,0
ресторан тифлис г киров меню сколько стоят чебуреки и пончики меню,2.00,0.00,0.00,0
сеты из чебуреков киров,2.00,0.00,0.00,0
чебуречная заказать,2.00,0.00,0.00,0
замороженные чебуреки киров,2.00,1.00,50.00,0
чебуреки на свободе 170 киров,2.00,0.00,0.00,0
чебуреки домашние киров,2.00,1.00,50.00,0
чебуреки коневский рынок,2.00,0.00,0.00,0
меню вятский чебурек киров,2.00,0.00,0.00,0
ресторан тифлис г киров меню сколько стоят чебуреки и пончики,2.00,0.00,0.00,0
вятский чебурек официальный сайт,2.00,0.00,0.00,0
киров чебуречная,1.00,0.00,0.00,0
чебуречная на ульяновской киров,1.00,0.00,0.00,0
чебуреки с картошкой цена киров,1.00,0.00,0.00,0
купить замороженные чебуреки по акции в кирове,1.00,0.00,0.00,0
заказать чебурек,1.00,0.00,0.00,0
чебуреки киров заказать,1.00,1.00,100.00,0
киров знаменитая чебуречная,1.00,0.00,0.00,0
вятский чебурек меню акции,1.00,0.00,0.00,0
кировский чебурек с мясом,1.00,0.00,0.00,0
чебурек доставка,1.00,0.00,0.00,0
киров чебуречке,1.00,0.00,0.00,0
киров вятский чебурек меню,1.00,0.00,0.00,0
заказ чебуреков в кирове,1.00,0.00,0.00,0
блинок и чебурек 43,1.00,0.00,0.00,0
вятский чебурек киров официальный сайт заказать,1.00,1.00,100.00,0
чебуреки пижанка купить в кирове,1.00,0.00,0.00,0
чебуреки на мопра,1.00,0.00,0.00,0
киров вкусные чебуреки стулово,1.00,0.00,0.00,0
купить оптом замороженные чебуреки,1.00,0.00,0.00,0
магазинчик на октябрьском рынке в кирове где продают чебуреки,1.00,0.00,0.00,0
чебуреки на октябрьском рынке киров,1.00,0.00,0.00,0
125г чебуреки классические чебуречье,1.00,0.00,0.00,0
чебуреки и хинкали кирова,1.00,0.00,0.00,0
купить чебуреки в кирове с доставкой,1.00,1.00,100.00,0
где купить резку для чебуреков киров,1.00,0.00,0.00,0
узбекские чебуреки на центрального рынка г. киров,1.00,0.00,0.00,0
чем отличаются чебуреки с центрального рынка г. киров от чебуреков октябрьского рынка г. киров,1.00,0.00,0.00,0
заказать чебуреки киров,1.00,1.00,100.00,0
заказать чебуреки киров доставка,1.00,0.00,0.00,0
чебуреки порошино,1.00,0.00,0.00,0
чебуреки с доставкой на дом,1.00,0.00,0.00,0
чебуреки с мясом купить с доставкой,1.00,0.00,0.00,0
продаются ли на театральной площади замороженные чебуреки где купить замороженные чебуреки киров,1.00,0.00,0.00,0
чебуречная к,1.00,0.00,0.00,0
доставка чебуреков киров дешево,1.00,1.00,100.00,0
глобус чебуреки полуфабрикаты,1.00,0.00,0.00,0
вакансии чебурек 43 киров,1.00,0.00,0.00,0
чебуреки доставка на дом,1.00,0.00,0.00,0
чебурек киро,1.00,0.00,0.00,0
чебуреки заказ,1.00,0.00,0.00,0
где в кирове вкусные чебуреки,1.00,0.00,0.00,0
чебуреки ассортимент,1.00,0.00,0.00,0
ухта заказать чебуреки с доставкой,1.00,0.00,0.00,0
русский чебурек киров,1.00,0.00,0.00,0
вятский чебурек киров официальный сайт доставка,1.00,0.00,0.00,0
чебуречная вятич,1.00,0.00,0.00,0
чебуреки хутор кирова,1.00,0.00,0.00,0
чебуреки в салафане,1.00,0.00,0.00,0
чебуреки купить киров,1.00,0.00,0.00,0
чебурек с доставкой,1.00,1.00,100.00,0
купить чебуреки по акции в кирове,1.00,0.00,0.00,0
чебуреки на воровского,1.00,0.00,0.00,0
тот самый чебурек киров,1.00,0.00,0.00,0
чебуреки на дом киров,1.00,0.00,0.00,0
чебуреки 43 фото,1.00,0.00,0.00,0
азина 82 чебуреки киров,1.00,0.00,0.00,0
чебуреки на октябрьском проспекте,1.00,0.00,0.00,0
быстро и вкусно чебуреки заказать,1.00,0.00,0.00,0
самые вкусные чебуреки на заказ тел в кирове,1.00,0.00,0.00,0
цены на чебуреки в кирове 2019,1.00,0.00,0.00,0
чебуреки замороженные оптом в кирове,1.00,1.00,100.00,0
акция хочу чебурек киров,1.00,0.00,0.00,0
заказать чебуреки в кирове на дом,1.00,1.00,100.00,0
чебуреки на центральном рынке киров,1.00,0.00,0.00,0
где купить замороженные чебуреки киров,1.00,0.00,0.00,0
киров замороженные чебуреки,1.00,0.00,0.00,0
киров чебуреки заказ,1.00,0.00,0.00,0
купить чебуреки вожгалы,1.00,0.00,0.00,0
вятский чебурек на дом,1.00,0.00,0.00,0
вятский чебурек киров доставка д,1.00,0.00,0.00,0
заказ чебуреков на дом киров,1.00,0.00,0.00,0
чебурек43,1.00,0.00,0.00,0
чебуречные сайты,1.00,0.00,0.00,0
ассортимент у чебуреков 43,1.00,0.00,0.00,0
полуфабрикаты чебуреки купить в кирове,1.00,0.00,0.00,0
чебуреки вятки,1.00,0.00,0.00,0
чебуреки заказать киров,1.00,0.00,0.00,0
киров чебуречные,1.00,0.00,0.00,0
киров акция на чебуреки,1.00,0.00,0.00,0
заказ чебуреков на дом в кирове,1.00,1.00,100.00,0
производство чебуреков киров,1.00,0.00,0.00,0
купить сумку чебурек в кирове,1.00,0.00,0.00,0
вятский чебурек цена,1.00,0.00,0.00,0
купить чебуреки в кирове,1.00,0.00,0.00,0
гискиров чебуречная 1 прайс,1.00,0.00,0.00,0
купить чебуреки вожгалы замороженные,1.00,0.00,0.00,0
заготовки для чебуреков глобус,1.00,0.00,0.00,0
киров вятские чебуреки заказ,1.00,0.00,0.00,0
цена и разнообразие вятский чебурек киров меню,1.00,0.00,0.00,0
киров заказ еды вятский чебурек,1.00,0.00,0.00,0
вятский чебурек пивная тарелка,1.00,0.00,0.00,0
чебурек на филейке,1.00,0.00,0.00,0
купить чебуреки в кирове полуфабрикат,1.00,0.00,0.00,0
готовое тесто для пельменей и чебуреков купить в кирове,1.00,0.00,0.00,0
где в кирове можно поесть вкусные чебуреки,1.00,0.00,0.00,0
изготовление чебурек киров,1.00,0.00,0.00,0
доставка чебуреков на дом киров,1.00,1.00,100.00,0
чебуреки 43 киров заказать,1.00,0.00,0.00,0
киров по чем чебуреки в данаре,1.00,0.00,0.00,0
чебуреки цена за штуку киров,1.00,0.00,0.00,0
цена чебуреков в чепецке,1.00,0.00,0.00,0
где купить чебуреки в с бараниной в кирове,1.00,1.00,100.00,0
чебуреки на доставку,1.00,0.00,0.00,0
чебуреки киров свободы,1.00,0.00,0.00,0
чебурек на заказ,1.00,1.00,100.00,0
заказать чебуреки на дом киров,1.00,1.00,100.00,0
кресло чебурек в кирове,1.00,0.00,0.00,0
киров.чебуреки как раньше доставка.ру,1.00,0.00,0.00,0
чебуреки коммунальная киров,1.00,0.00,0.00,0
чебуреки с мясом киров,1.00,0.00,0.00,0
чебуречки в фестивале гранд бар в кирове,1.00,0.00,0.00,0
чебуреки 43,1.00,0.00,0.00,0
киров чебуречная на,1.00,0.00,0.00,0
горячий чебурек олимпийский кировской области,1.00,0.00,0.00,0
где в кирове можно купить крымские чебуреки,1.00,0.00,0.00,0
чебуреки замороженные киров,1.00,0.00,0.00,0
доставка чебуреки те самые киров,1.00,0.00,0.00,0
вятский чебурек доставка киров,1.00,0.00,0.00,0
меню вятский чебурек,1.00,0.00,0.00,0
чебуреки на коневском рынке,1.00,1.00,100.00,0
замороженные чебуреки купить оптом,1.00,0.00,0.00,0
та самая чебуречная киров заказ,1.00,0.00,0.00,0
чебуреки с центрального рынка г. киров,1.00,1.00,100.00,0
тесто для чебуреков и пельменей купить,1.00,0.00,0.00,0
светофор чебуреки ип пчелин,1.00,0.00,0.00,0
чебуреки доставка киров бесплатная,1.00,0.00,0.00,0
киров доставка чебуреков,1.00,1.00,100.00,0
доставка чебуреков кирово-чепецк,1.00,0.00,0.00,0
пекарня горячие чебурек,1.00,0.00,0.00,0
где в гаровке продают чебуреки,1.00,0.00,0.00,0
чебурек 43 киров официальный сайт,1.00,0.00,0.00,0
вожгалы чебуреки мясной цех,1.00,0.00,0.00,0
купить чебуреки полуфабрикаты киров,1.00,0.00,0.00,0
чебуреки у рынка киров,1.00,0.00,0.00,0
где в кирове купить вкусные чебуреки,1.00,0.00,0.00,0
чебуреки с доставкой кировский рн спб,1.00,0.00,0.00,0
заказ чебуреков,1.00,0.00,0.00,0
кресло-чебурек киров,1.00,0.00,0.00,0
чебуреки на центрального рынка г. киров,1.00,0.00,0.00,0
пекарня горячий чебурек,1.00,0.00,0.00,0
киров мамедов чебуреки,1.00,0.00,0.00,0
цена чебурека киров,1.00,0.00,0.00,0
чебурек киров доставка,1.00,0.00,0.00,0
чебуречечная коневский рынок,1.00,0.00,0.00,0
меню вятского чебурека г киров,1.00,1.00,100.00,0
продаются ли на театральной площади замороженные чебуреки,1.00,0.00,0.00,0
Обеды,674,42,,3
доставка обедов киров,92.00,12.00,13.04,0
заказ обедов киров,58.00,3.00,5.17,0
заказ обедов с доставкой киров,42.00,0.00,0.00,0
доставка обедов в кирове,42.00,0.00,0.00,0
заказ обедов с доставкой в кирове,41.00,0.00,0.00,0
заказ обедов в кирове,40.00,0.00,0.00,0
заказ обедов,39.00,0.00,0.00,0
комплексные обеды с доставкой,23.00,0.00,0.00,0
доставка обедов киров домашняя еда,19.00,3.00,15.79,2
вкусный обед киров доставка,18.00,2.00,11.11,0
заказ обедов в офис,18.00,0.00,0.00,0
доставка обедов супчик киров,15.00,0.00,0.00,0
вкусный обед киров,15.00,0.00,0.00,0
заказать обед киров,14.00,4.00,28.57,0
супчик доставка обедов,13.00,2.00,15.38,0
сергей обедов,12.00,0.00,0.00,0
обед на дом киров,11.00,1.00,9.09,0
обед киров доставка,7.00,0.00,0.00,0
вкусный обед доставка киров,6.00,0.00,0.00,0
горячий обед киров,6.00,0.00,0.00,0
обеды киров,5.00,2.00,40.00,0
доставка горячих обедов киров,5.00,0.00,0.00,0
доставка обедов на дом киров,4.00,0.00,0.00,0
обеды в офис с доставкой киров,4.00,0.00,0.00,0
обеды киров доставка,4.00,1.00,25.00,0
доставка обедов в офис город киров в вк,4.00,0.00,0.00,0
доставка обедов,4.00,1.00,25.00,0
заказ обед киров,3.00,0.00,0.00,0
обеды в офис киров,3.00,0.00,0.00,0
три медведя обед киров,3.00,0.00,0.00,0
обед доставка киров,3.00,1.00,33.33,0
обед киров,3.00,0.00,0.00,0
доставка обедов в офис киров,3.00,0.00,0.00,0
доставка обедов киров на дом,3.00,1.00,33.33,0
заказ обедов в офис киров,3.00,0.00,0.00,0
где заказать обед с доставкой,2.00,0.00,0.00,0
заказать обед с доставкой в офис,2.00,0.00,0.00,0
горячие обеды киров доставка,2.00,0.00,0.00,0
доставка вкусный обед киров,2.00,0.00,0.00,0
заказать на дом обед киров,2.00,0.00,0.00,0
вкусный обед киров доставка меню,2.00,0.00,0.00,0
обед заказать на дом киров,2.00,0.00,0.00,0
вкусные недорогие обеды киров,2.00,0.00,0.00,0
заказ обедов с доставкой,2.00,0.00,0.00,0
праздничный обед на заказ киров,2.00,0.00,0.00,0
сергей обедов киров,2.00,0.00,0.00,0
социальные обеды в кирове,2.00,0.00,0.00,0
доставка комплексных обедов киров,2.00,0.00,0.00,0
обеды с доставкой,2.00,1.00,50.00,0
бесплатные обеды в кирове,2.00,0.00,0.00,0
солянка доставка обедов киров,2.00,0.00,0.00,0
киров обед,1.00,0.00,0.00,0
доставка обедов киров супчик,1.00,0.00,0.00,0
доставка обеда в офис киров,1.00,1.00,100.00,0
доставка домашних обедов,1.00,0.00,0.00,0
вкусно обед доставка,1.00,0.00,0.00,0
обед заказать на дом недорого киров,1.00,0.00,0.00,0
горячие обеды доставка киров,1.00,1.00,100.00,0
столовая с доставкой обедов,1.00,0.00,0.00,0
горячий обед киров заказать,1.00,1.00,100.00,0
обеды с доставкой киров,1.00,0.00,0.00,0
доставка горячих обедов суп 2,1.00,1.00,100.00,1
где можно заказать обед на дом киров,1.00,0.00,0.00,0
заказ обеда,1.00,0.00,0.00,0
домашний обед на дом,1.00,1.00,100.00,0
заказ обеда на дом,1.00,0.00,0.00,0
где можно заказать обед на дом,1.00,0.00,0.00,0
обеда киров,1.00,0.00,0.00,0
заказать горячий обед в кирове,1.00,0.00,0.00,0
обедов доставка,1.00,0.00,0.00,0
заказ обеда город киров,1.00,0.00,0.00,0
заказать на дом обед коров,1.00,0.00,0.00,0
заказать обед на дом киров,1.00,1.00,100.00,0
заказать обед лапша восточный,1.00,0.00,0.00,0
пример обеда киров,1.00,0.00,0.00,0
доставка горячих обедов,1.00,0.00,0.00,0
меню на обед и ужин киров заказ,1.00,0.00,0.00,0
доставка комплексных обедов,1.00,0.00,0.00,0
заказа обеда город киров,1.00,1.00,100.00,0
доставка обедов киров домашняя,1.00,1.00,100.00,0
киров обеды в офис,1.00,0.00,0.00,0
киров заказ обеда,1.00,0.00,0.00,0
доставка готовых обедов на дом киров,1.00,0.00,0.00,0
киров готовые обеды,1.00,0.00,0.00,0
пример обеда киров 2000 рублей,1.00,0.00,0.00,0
киров заказать обед с доставкой по кирову,1.00,0.00,0.00,0
что заказать обеды в кирове,1.00,0.00,0.00,0
где заказать обед с доставкой киров,1.00,0.00,0.00,0
доставка семейных обедов киров,1.00,0.00,0.00,0
киров супчик обеды,1.00,0.00,0.00,0
вкусный обед доставка еды киров,1.00,0.00,0.00,0
горячие обеды с доставкой на дом киров,1.00,0.00,0.00,0
киров заказать обеда с доставкой по кирову,1.00,0.00,0.00,0
вкусноежка киров заказ обедов,1.00,0.00,0.00,0
где заказать обед киров доставка,1.00,0.00,0.00,0
комплексные обеды с доставкой киров,1.00,0.00,0.00,0
обед доставка ктро,1.00,0.00,0.00,0
заказать обед на дом бесплатная доставка киров,1.00,0.00,0.00,0
ста киров обед,1.00,0.00,0.00,0
обед в кирове,1.00,0.00,0.00,0
сайт обед киров доставка,1.00,0.00,0.00,0
заказать обед киров спк,1.00,0.00,0.00,0
обеды на заказ с доставкой,1.00,0.00,0.00,0
киров доставка обедов,1.00,0.00,0.00,0
киров заказать обеда с доставкой,1.00,0.00,0.00,0
доставка обедов от большой столовой киров,1.00,0.00,0.00,0
горячие обеды киров,1.00,0.00,0.00,0
заказ обедов киров с доставкой,1.00,0.00,0.00,0
Пельмени,512,29,,2
пельмени даниловка киров,162.00,0.00,0.00,0
пельменная киров,20.00,0.00,0.00,0
пельмени киров,17.00,1.00,5.88,0
пельменное ухо киров,12.00,0.00,0.00,0
пельмени кировские,8.00,0.00,0.00,0
пельмени толмачев киров,8.00,0.00,0.00,0
пельмени от стряпухи киров,7.00,0.00,0.00,0
доставка пельменей киров,6.00,4.00,66.67,0
пельменная в кирове,6.00,0.00,0.00,0
кировские пельмени,6.00,0.00,0.00,0
киров пельменная,5.00,0.00,0.00,0
доставка пельменей в кирове,4.00,2.00,50.00,0
пельменные киров,4.00,1.00,25.00,0
пельмени купить в кирове,3.00,1.00,33.33,0
пельмень-бар киров акции,3.00,0.00,0.00,0
уни пельмени кировская область,3.00,0.00,0.00,0
где купить тесто для пельменей в кирове,3.00,0.00,0.00,0
пельменные в кирове,3.00,0.00,0.00,0
пельмени буйские купить в кирове,3.00,0.00,0.00,0
пельмени кировские в коробке,3.00,0.00,0.00,0
вкусные пельмени киров,3.00,0.00,0.00,0
пельмени пижанка купить в кирове,3.00,0.00,0.00,0
лучшие пельмени в кирове,3.00,0.00,0.00,0
пельмени в кирове,3.00,0.00,0.00,0
пельмени ручной лепки где уни котельнич заказать кировская область,3.00,0.00,0.00,0
пельмени заказать киров,3.00,1.00,33.33,0
пельмени доставка киров,3.00,1.00,33.33,0
пельмени домашние маленькие самолепные киров,3.00,0.00,0.00,0
купить москве пельмени из кирова,2.00,0.00,0.00,0
где можно купить пельмени полом,2.00,0.00,0.00,0
пельмени домашние в магазине кировский,2.00,0.00,0.00,0
пельмени в кировской области,2.00,0.00,0.00,0
пельмени домашние очень вкусные с доставкой кировский район,2.00,0.00,0.00,0
пельмени доставка,2.00,0.00,0.00,0
вкусные домашние пельмени киров купить,2.00,1.00,50.00,0
качественные пельмени в кировском,2.00,0.00,0.00,0
пельмени с чесноком купить киров,2.00,0.00,0.00,0
вкусные домашние пельмени киров отзывы,2.00,0.00,0.00,0
гулинские пельмени киров цена,2.00,0.00,0.00,0
пельмени полячок киров,2.00,1.00,50.00,0
где купить и пельмени пижанские в кирове,2.00,0.00,0.00,0
вкусные пельмени в кирове,2.00,0.00,0.00,0
вкусные кировские пельмени купить в москве,2.00,0.00,0.00,0
пельменная в кирове с доставкой,2.00,0.00,0.00,0
самые вкусные пельмени киров,2.00,0.00,0.00,0
пельмени домашние цена киров,2.00,1.00,50.00,0
пельмени толмачев люкс,2.00,0.00,0.00,0
пельмени сельские киров,2.00,0.00,0.00,0
пельмени из кирова,2.00,0.00,0.00,0
тесто на пельмени купить киров,2.00,0.00,0.00,0
кафе пельмени киров,2.00,0.00,0.00,0
новая пельменная киров,2.00,0.00,0.00,0
пельмени малютка цена киров,2.00,0.00,0.00,0
киров пельмени,2.00,0.00,0.00,0
где в кирове купить пельмени пижанка,2.00,0.00,0.00,0
где в кирове купить вкусные пельмени,2.00,1.00,50.00,0
пельменье ушко киров,2.00,0.00,0.00,0
пельмени пижанка купить чепецк,2.00,0.00,0.00,0
доставка пельменей,2.00,0.00,0.00,0
пельмени домашние маленькие самолепные 900 гр. киров цена,1.00,0.00,0.00,0
потапыч пельмени киров,1.00,0.00,0.00,0
пельмени киров какие продают,1.00,0.00,0.00,0
домашний фарш для пельменей из курицы,1.00,0.00,0.00,0
где купить пельмени авитека,1.00,0.00,0.00,0
жакоб белькомет пельмени купить,1.00,0.00,0.00,0
пельмени толмачев киров где купить в спб,1.00,0.00,0.00,0
потапов пельмени киров,1.00,0.00,0.00,0
киров тестовое ушко пельмени,1.00,0.00,0.00,0
пельменницы киров,1.00,0.00,0.00,0
калинина e.ю киров пельмени,1.00,0.00,0.00,0
пельмени кмк,1.00,0.00,0.00,0
ооо топтыгин пельмени,1.00,0.00,0.00,0
где можно купить в кирове тесто для пельменей,1.00,0.00,0.00,0
пельмени с доставкой,1.00,1.00,100.00,0
пельмени доставка на дом киров,1.00,1.00,100.00,0
гулинские пельмени цена,1.00,0.00,0.00,0
где поесть пельмени вкусные в кирове,1.00,0.00,0.00,0
пельменная шумовка,1.00,1.00,100.00,0
пельмени домашние в магазине кировский каменск уральский,1.00,0.00,0.00,0
пельмени доставка на дом киров круглосуточно,1.00,0.00,0.00,0
салон бау пельмени,1.00,0.00,0.00,0
пельмени производства киров,1.00,0.00,0.00,0
домашние пельмени киров,1.00,2.00,200.00,0
тесто на пельмени купить в кирове,1.00,0.00,0.00,0
пельмени вкусные киров,1.00,0.00,0.00,0
куплю домашние пельмени киров,1.00,0.00,0.00,0
пельмени дороничи,1.00,0.00,0.00,0
авито киров пельмени,1.00,0.00,0.00,0
новая пельменная в кирове,1.00,0.00,0.00,0
пельмени толмачев каталог,1.00,0.00,0.00,0
пельмени поломские кирово чепецк,1.00,0.00,0.00,0
купить пельмени оптом в кирове от производителя,1.00,1.00,100.00,0
пельмени как раньше киров купить,1.00,0.00,0.00,0
домашний фарш для пельменей из куриного филе,1.00,0.00,0.00,0
пельмени толмачев киров фото,1.00,0.00,0.00,0
пельмени ручной работы город киров .,1.00,0.00,0.00,0
полечек пельмени киров,1.00,0.00,0.00,0
пельмени домашние маленькие самолепные 900 г. г. киров,1.00,1.00,100.00,0
домашние пельмени цена,1.00,0.00,0.00,0
пельмени ручной лепки где заказать кировская область,1.00,0.00,0.00,0
толмачевские пельмени киров,1.00,0.00,0.00,0
киров акции на пельмени,1.00,0.00,0.00,0
где купить в кирове пельмени фирмы мечта,1.00,0.00,0.00,0
столовые пельмени киров,1.00,0.00,0.00,0
лучшие пельменные киров,1.00,0.00,0.00,0
пельмени киров производство,1.00,0.00,0.00,0
магги пельмени по уральски киров цена,1.00,0.00,0.00,0
киров пельмени трио,1.00,0.00,0.00,0
пижанские пельмени киров цена,1.00,0.00,0.00,0
пельменница киров купить,1.00,0.00,0.00,0
толмачев пельмени киров,1.00,0.00,0.00,0
пицца роллы пельмени,1.00,0.00,0.00,0
кафе пельменное ушко киров,1.00,0.00,0.00,0
пельмени лепсе,1.00,0.00,0.00,0
толмачевские пельмени,1.00,0.00,0.00,0
пельмени кировский полом,1.00,1.00,100.00,0
пельмени элитные киров,1.00,0.00,0.00,0
пельмени русские акции киров,1.00,0.00,0.00,0
пельмени гулинские киров купить,1.00,0.00,0.00,0
готовое тесто на пельмени купить в кирове,1.00,0.00,0.00,0
пельмень-ухо киров,1.00,0.00,0.00,0
магги пельмени киров,1.00,0.00,0.00,0
киров дороничи пельмени,1.00,0.00,0.00,0
доставка еды киров пельмени,1.00,1.00,100.00,1
пельмени заказать с доставкой,1.00,1.00,100.00,0
пельмени по скидке в кирове,1.00,0.00,0.00,0
г.киров производство пельменей,1.00,0.00,0.00,0
пельмени тавровские купить в кирове,1.00,0.00,0.00,0
шумовка пельменная,1.00,0.00,0.00,0
пельмени район киров,1.00,0.00,0.00,0
пельмени домашние в сети кировский,1.00,0.00,0.00,0
где купить пельмени пижанка в кирове,1.00,0.00,0.00,0
где можно купить тесто для пельменей в кирове,1.00,0.00,0.00,0
пельмени полячок киров где купить,1.00,0.00,0.00,0
сколько стоят домашние пельмени ручной лепки в кирове,1.00,0.00,0.00,0
готовое тесто для пельменей и чебуреков купить в кирове,1.00,0.00,0.00,0
где купить и пельмени пижанские,1.00,0.00,0.00,0
пельменница киров,1.00,0.00,0.00,0
цена 1 кг пельменей в кирове,1.00,0.00,0.00,0
пельмени сельские киров цена,1.00,0.00,0.00,0
горячий пельмень доставка пельменей мороженных,1.00,0.00,0.00,0
столовые пельмени кировские,1.00,0.00,0.00,0
пельмени киров доставка,1.00,1.00,100.00,1
купить пельменницу в кирове,1.00,0.00,0.00,0
пельмени боровичи киров,1.00,0.00,0.00,0
пельмени натуральные киров,1.00,0.00,0.00,0
пельмени впрок киров,1.00,0.00,0.00,0
пельмени из пижанки сельские где купить,1.00,0.00,0.00,0
киров пельмени липецкие,1.00,0.00,0.00,0
радушные пельмени киров,1.00,0.00,0.00,0
пельмени по акции киров,1.00,0.00,0.00,0
киров пельмени акция,1.00,0.00,0.00,0
пельмени толмачев где купить,1.00,0.00,0.00,0
заказать пельмени с доставкой в кирове,1.00,0.00,0.00,0
свиное ухо пельменная киров,1.00,0.00,0.00,0
зуевские пельмени где купить в кирове,1.00,0.00,0.00,0
пельмени толмачев киров акции,1.00,0.00,0.00,0
пельмени с доставкой в кирове круглосуточно,1.00,0.00,0.00,0
пельмени костино купить в кирове,1.00,1.00,100.00,0
пельмени котельнич купить в кирове,1.00,0.00,0.00,0
пельмени со сливками кировская область,1.00,0.00,0.00,0
пельмени от петровича киров,1.00,0.00,0.00,0
пельменная киров на московской,1.00,0.00,0.00,0
лапша и пельмени,1.00,0.00,0.00,0
пельмени из коминтерна киров,1.00,0.00,0.00,0
пельмени искра купить в кирове,1.00,0.00,0.00,0
купить пельмени от производителя унинского мясокомбината пельмени,1.00,0.00,0.00,0
купить пельмени,1.00,0.00,0.00,0
пельмени толмачев киров где купить,1.00,0.00,0.00,0
киров пельменное ухо меню,1.00,0.00,0.00,0
вкусные кировские пельмени,1.00,0.00,0.00,0
тесто для чебуреков и пельменей купить,1.00,0.00,0.00,0
купить пельмени толмачев в кирове,1.00,1.00,100.00,0
пельмень на пятницкой город киров,1.00,0.00,0.00,0
где купить пельмени кировского,1.00,0.00,0.00,0
пельмени ароматушка купить в кирове,1.00,0.00,0.00,0
киров пельмени ип гулин цена,1.00,0.00,0.00,0
настоящие пельмени в кирове,1.00,0.00,0.00,0
ваши пельмени в кирове,1.00,0.00,0.00,0
пельмени московские киров,1.00,0.00,0.00,0
калинина киров пельмени,1.00,0.00,0.00,0
где можно купить пельмени поломские,1.00,0.00,0.00,0
сколько стоит 1 кг пельменей в кирове,1.00,0.00,0.00,0
тестовое ухо пельмени киров,1.00,0.00,0.00,0
где купить пельмени толмачев в кирове,1.00,0.00,0.00,0
купить пельменное тесто в кирове,1.00,0.00,0.00,0
пельмени в макси г. киров,1.00,0.00,0.00,0
фарш для пельменей сочный и мягкий,1.00,0.00,0.00,0
пельменная ухо киров,1.00,0.00,0.00,0
где.купить вкусные пельмени самолепки?киров,1.00,1.00,100.00,0
пельмени звениговские цена,1.00,0.00,0.00,0
ухо пельмени киров,1.00,0.00,0.00,0
пельменная киров ухо,1.00,0.00,0.00,0
где купить нолинские пельмени в кирове,1.00,0.00,0.00,0
какие пельмени в кирове хорошие,1.00,0.00,0.00,0
пельменные город киров,1.00,0.00,0.00,0
пельмени киров кафе,1.00,0.00,0.00,0
пельмени вар киров,1.00,0.00,0.00,0
пельмени как раньше киров,1.00,0.00,0.00,0
Суп,485,38,,4
супчик 43,92.00,1.00,1.09,0
кафе супчик киров,61.00,0.00,0.00,0
супчик 43 киров,52.00,0.00,0.00,0
супчик киров,45.00,1.00,2.22,0
супчик43,29.00,0.00,0.00,0
доставка обедов супчик киров,15.00,0.00,0.00,0
супчик доставка обедов,13.00,2.00,15.38,0
супчик 43 вконтакте,10.00,0.00,0.00,0
доставка еды киров супчик,7.00,0.00,0.00,0
доставка супа киров,6.00,2.00,33.33,0
супчик заказ,5.00,0.00,0.00,0
киров лапша на суп,5.00,0.00,0.00,0
доставка еды супчик киров,5.00,0.00,0.00,0
доставка супов киров,5.00,1.00,20.00,0
суп киров,4.00,0.00,0.00,0
доставка еды в кирове супчик,3.00,0.00,0.00,0
где можно заказать сырный суп в кирове,3.00,1.00,33.33,0
супчик доставка,3.00,1.00,33.33,0
суп киров доставка,3.00,2.00,66.67,0
супчик еда надом,3.00,1.00,33.33,0
горячие супы киров,3.00,1.00,33.33,0
заказ супчик,3.00,0.00,0.00,0
суп дачный киров,2.00,0.00,0.00,0
суп заказать киров,2.00,1.00,50.00,0
доставка еды киров супы,2.00,1.00,50.00,0
доставка готовой еды на дом киров супчик,2.00,1.00,50.00,0
доставка супа киров круглосуточно,2.00,0.00,0.00,0
заказать супчик,2.00,0.00,0.00,0
где заказать суп на дом в кирове,2.00,1.00,50.00,0
супчик доставка еды,2.00,0.00,0.00,0
доставка суп киров,2.00,1.00,50.00,0
супы киров,2.00,0.00,0.00,0
суперфуд киров доставка,2.00,0.00,0.00,0
заказать суп с доставкой киров,2.00,1.00,50.00,0
супчик доставка еды киров,2.00,0.00,0.00,0
меню в столовой и цены супы,2.00,0.00,0.00,0
суп в достпавкп кирове,2.00,2.00,100.00,0
доставка китайской лапши супов в кирове,2.00,0.00,0.00,0
доставка супов в кирове,2.00,0.00,0.00,0
доставка еды суп киров,1.00,1.00,100.00,1
супы киров в дорогу,1.00,0.00,0.00,0
доставка обедов киров супчик,1.00,0.00,0.00,0
супы доставка киров,1.00,0.00,0.00,0
доставка супов город киров,1.00,1.00,100.00,1
заказать суп на дом,1.00,0.00,0.00,0
супчипк43,1.00,0.00,0.00,0
азиатский суп доставка киров,1.00,0.00,0.00,0
сырный суп киров,1.00,0.00,0.00,0
доставка горячих обедов суп 2,1.00,1.00,100.00,1
заказ еды суп киров,1.00,1.00,100.00,0
супчик 4343,1.00,0.00,0.00,0
быстрая доставка горячего супа,1.00,1.00,100.00,0
супы готовые купить в кирове,1.00,0.00,0.00,0
заказать супы киров,1.00,1.00,100.00,0
суп из киров,1.00,0.00,0.00,0
доставка супа на дом,1.00,1.00,100.00,0
супы в вакуумной упаковке купить в кирове,1.00,0.00,0.00,0
супы доставка на дом,1.00,0.00,0.00,0
заказать суп киров,1.00,1.00,100.00,0
киров супчик,1.00,0.00,0.00,0
доставка суп на дом киров,1.00,0.00,0.00,0
суп киров доста,1.00,1.00,100.00,1
доставка супы,1.00,0.00,0.00,0
салаты в супермаркете кировский,1.00,0.00,0.00,0
куриный суп купить с доставкой киров,1.00,0.00,0.00,0
доставка супов,1.00,0.00,0.00,0
суп доставка на дом,1.00,0.00,0.00,0
горячие супы доставка,1.00,0.00,0.00,0
до скольки работает суп киров,1.00,0.00,0.00,0
заказать суп на дом кириши,1.00,0.00,0.00,0
заказать суп с доставкой в кирове,1.00,0.00,0.00,0
супы с доставкой киров,1.00,0.00,0.00,0
управление стиральной супов по кировской области московской,1.00,0.00,0.00,0
где в кирове купить суппи,1.00,0.00,0.00,0
купить суп киров,1.00,1.00,100.00,0
где купить суп солянка дороничи киров,1.00,0.00,0.00,0
супермаркет кировский каталог салатов,1.00,0.00,0.00,0
где можно заказать суп с собой в кирове,1.00,0.00,0.00,0
дороничи киров официальный сайт готовые супы,1.00,0.00,0.00,0
киров вкусноблин суп блин дня,1.00,0.00,0.00,0
доставка супчик киров,1.00,0.00,0.00,0
готовые супы в упаковке купить в кирове,1.00,0.00,0.00,0
"""роллы супы горячие"" холодные",1.00,0.00,0.00,0
заказать китайский суп в кирове,1.00,0.00,0.00,0
супы на вынос киров,1.00,1.00,100.00,0
крем-суп киров,1.00,0.00,0.00,0
ооо супчик киров,1.00,0.00,0.00,0
заказать суп с доставкой,1.00,0.00,0.00,0
киров еда бесплатно.доставка суп,1.00,1.00,100.00,0
киров супчик обеды,1.00,0.00,0.00,0
суперфуд 43 киров,1.00,0.00,0.00,0
доставка супчик,1.00,0.00,0.00,0
заказать суп,1.00,0.00,0.00,0
заказать суп в кирове,1.00,2.00,200.00,0
заказать пол порции супа,1.00,0.00,0.00,0
где в чижах покушать суп киров,1.00,0.00,0.00,0
супы доставка на дом киров,1.00,1.00,100.00,0
супчик доставка еды на дом из столовых кирова,1.00,1.00,100.00,0
заказать куриный суп на дом,1.00,0.00,0.00,0
супы заказать киров,1.00,0.00,0.00,0
доставка еды киров куриный суп,1.00,0.00,0.00,0
супы круглосуточная доставка киров,1.00,0.00,0.00,0
доставка суп на дом,1.00,1.00,100.00,0
супчик доставка киров,1.00,0.00,0.00,0
кафе где подают крем суп в кирове,1.00,0.00,0.00,0
суп на дом заказать,1.00,0.00,0.00,0
группа супчик киров,1.00,0.00,0.00,0
суп в кирове,1.00,0.00,0.00,0
готовый суп купить в кирове,1.00,0.00,0.00,0
суп и вторые блюда кировской фабрики,1.00,0.00,0.00,0
суп том янг заказать в кирове,1.00,0.00,0.00,0
лапша для супа киров купить,1.00,0.00,0.00,0
крем суп в кирове,1.00,0.00,0.00,0
где заказать суп,1.00,0.00,0.00,0
столовая супчик киров,1.00,0.00,0.00,0
Лапша,457,38,,0
удон киров,20.00,1.00,5.00,0
лапша вок киров,17.00,2.00,11.76,0
лапша вок киров,17.00,2.00,11.76,0
доставка лапши киров,17.00,3.00,17.65,0
заказать удон киров,16.00,3.00,18.75,0
лапша удон киров,11.00,1.00,9.09,0
лапша удон киров,11.00,1.00,9.09,0
лапша киров,11.00,1.00,9.09,0
удон киров доставка,10.00,0.00,0.00,0
wok-лапша киров,10.00,0.00,0.00,0
лапша киров доставка,9.00,1.00,11.11,0
китайская лапша киров,8.00,1.00,12.50,0
заказать удон в кирове,7.00,0.00,0.00,0
лапша вок киров доставка,6.00,1.00,16.67,0
лапша вок киров доставка,6.00,1.00,16.67,0
киров лапша на суп,5.00,0.00,0.00,0
киров удон,5.00,0.00,0.00,0
wok лапша киров,4.00,0.00,0.00,0
заказать лапшу киров,4.00,0.00,0.00,0
удон доставка киров,4.00,0.00,0.00,0
вок киров доставка,4.00,0.00,0.00,0
заказ лапши киров,4.00,1.00,25.00,0
лапша удон купить в кирове,4.00,0.00,0.00,0
лапша удон купить в кирове,4.00,0.00,0.00,0
удон в кирове,4.00,0.00,0.00,0
заказать вок лапшу киров,4.00,0.00,0.00,0
заказать вок лапшу киров,4.00,0.00,0.00,0
заказать лапшу в коробочках киров,4.00,1.00,25.00,0
доставка вок лапши в кирове,3.00,0.00,0.00,0
доставка вок лапши в кирове,3.00,0.00,0.00,0
"ип михеев киров лапша ,соевый соус",3.00,1.00,33.33,0
вок лапша киров доставка,3.00,0.00,0.00,0
вок лапша киров доставка,3.00,0.00,0.00,0
доставка лапши wok киров,3.00,3.00,100.00,0
заказать китайскую лапшу острую г.киров,3.00,0.00,0.00,0
лапша удон киров доставка,3.00,0.00,0.00,0
лапша удон киров доставка,3.00,0.00,0.00,0
лапша вок киров заказать,3.00,0.00,0.00,0
лапша вок киров заказать,3.00,0.00,0.00,0
китайская лапша киров заказ,3.00,0.00,0.00,0
лапша доставка,3.00,0.00,0.00,0
доставка вок лапши киров,2.00,0.00,0.00,0
доставка вок лапши киров,2.00,0.00,0.00,0
заказать удон с курицей киров,2.00,0.00,0.00,0
заказать лапшу в кирове,2.00,0.00,0.00,0
киров лапша,2.00,0.00,0.00,0
лапша киров заказать,2.00,0.00,0.00,0
киров удон на заказ,2.00,0.00,0.00,0
заказать еду киров лапша,2.00,0.00,0.00,0
удоны киров доставка,2.00,0.00,0.00,0
удон киров заказать,2.00,0.00,0.00,0
лапша с соевым соусом заказать домой,2.00,0.00,0.00,0
доставка китайской лапши киров,2.00,0.00,0.00,0
доставка вока киров,2.00,0.00,0.00,0
доставка еды вок лапша,2.00,0.00,0.00,0
доставка еды вок лапша,2.00,0.00,0.00,0
заказать удон кирово чепецк,2.00,0.00,0.00,0
доставка удон киров,2.00,0.00,0.00,0
лучшие коробочки с лапшой киров,2.00,0.00,0.00,0
острая лапша в кирове,2.00,0.00,0.00,0
удон заказать киров,2.00,0.00,0.00,0
лапша удон доставка киров,2.00,0.00,0.00,0
лапша удон доставка киров,2.00,0.00,0.00,0
удон с морепродуктами заказать в кирове,2.00,0.00,0.00,0
удон с морепродуктами заказать на дом киров,2.00,1.00,50.00,0
киров лапша удон заказать,2.00,0.00,0.00,0
киров лапша удон заказать,2.00,0.00,0.00,0
лапша удон киров заказать,2.00,1.00,50.00,0
лапша удон киров заказать,2.00,1.00,50.00,0
доставка еды киров удон,2.00,0.00,0.00,0
доставка китайской лапши супов в кирове,2.00,0.00,0.00,0
доставка вок киров,1.00,0.00,0.00,0
лапшичная киров,1.00,1.00,100.00,0
киров лапша вок,1.00,0.00,0.00,0
киров лапша вок,1.00,0.00,0.00,0
вок доставка киров,1.00,0.00,0.00,0
кирова лапша,1.00,0.00,0.00,0
заказать лапшу wok киров,1.00,0.00,0.00,0
доставка вока,1.00,1.00,100.00,0
вок лапша кир,1.00,0.00,0.00,0
вок лапша кир,1.00,0.00,0.00,0
вок киров заказ,1.00,0.00,0.00,0
лапша киров доставка ул.труда,1.00,0.00,0.00,0
доставка лапши bbq,1.00,0.00,0.00,0
лучшие удоны кирова,1.00,0.00,0.00,0
заказать лапшу удон,1.00,0.00,0.00,0
заказать лапшу удон,1.00,0.00,0.00,0
заказ лапши в кирове,1.00,0.00,0.00,0
где купить лапшу удон,1.00,0.00,0.00,0
где купить лапшу удон,1.00,0.00,0.00,0
лапша на вынос в кирове,1.00,0.00,0.00,0
острая лапша купить киров,1.00,0.00,0.00,0
доставка удон,1.00,0.00,0.00,0
лапша удон где купить киров,1.00,0.00,0.00,0
лапша удон где купить киров,1.00,0.00,0.00,0
заказать китайская лапша в коробке киров,1.00,1.00,100.00,0
где в кирове можно покушать тяхан с лапшой,1.00,0.00,0.00,0
китайская лапша заказ киров,1.00,0.00,0.00,0
удон киров заказ,1.00,0.00,0.00,0
wok лапша киров с доставкой,1.00,0.00,0.00,0
японская лапша купить киров,1.00,0.00,0.00,0
лапша бп киров,1.00,0.00,0.00,0
где поесть лапшу киров,1.00,0.00,0.00,0
доставка лапши wok,1.00,0.00,0.00,0
лапша удон заказать киров,1.00,0.00,0.00,0
лапша удон заказать киров,1.00,0.00,0.00,0
киров wok лапша,1.00,0.00,0.00,0
заказать обед лапша восточный,1.00,0.00,0.00,0
лапша удон купить киров,1.00,0.00,0.00,0
лапша удон купить киров,1.00,0.00,0.00,0
термокузовок,1.00,0.00,0.00,0
заказать лапшу wok на дом,1.00,0.00,0.00,0
где купить лапшу для удона киров,1.00,0.00,0.00,0
где купить лапшу для удона киров,1.00,0.00,0.00,0
глобус заказ лапши,1.00,0.00,0.00,0
доставка лапши киров недорого,1.00,0.00,0.00,0
антистресс лапша киров,1.00,0.00,0.00,0
заказать лапшу,1.00,2.00,200.00,0
доставка лапши в коробочках киров,1.00,0.00,0.00,0
заказ еды киров удон,1.00,0.00,0.00,0
заказать японскую лапшу на дом,1.00,0.00,0.00,0
где купить удон в кирове,1.00,0.00,0.00,0
заказать вок лапшу,1.00,0.00,0.00,0
заказать вок лапшу,1.00,0.00,0.00,0
заказать лапшу на дом,1.00,0.00,0.00,0
удон купить киров,1.00,0.00,0.00,0
киров японский удон,1.00,0.00,0.00,0
доставка лапши удон киров,1.00,0.00,0.00,0
доставка лапши удон киров,1.00,0.00,0.00,0
лапша удон в кирове,1.00,0.00,0.00,0
лапша удон в кирове,1.00,0.00,0.00,0
палочки удон киров,1.00,0.00,0.00,0
лапша удон киров заказ,1.00,0.00,0.00,0
лапша удон киров заказ,1.00,0.00,0.00,0
где купить острую лапшу в кирове,1.00,0.00,0.00,0
удон покушать киров,1.00,0.00,0.00,0
доставка вок лапши,1.00,0.00,0.00,0
доставка вок лапши,1.00,0.00,0.00,0
лапша удон кирово-чепецк,1.00,0.00,0.00,0
лапша удон кирово-чепецк,1.00,0.00,0.00,0
лапша на кирова,1.00,0.00,0.00,0
китайская лапша в кирове,1.00,1.00,100.00,0
удон киров заказать еду,1.00,0.00,0.00,0
киров купить домашнюю лапшу,1.00,0.00,0.00,0
острая лапша купить,1.00,0.00,0.00,0
магазин удона воровского попова,1.00,0.00,0.00,0
вкусная лапша вок в кирове,1.00,0.00,0.00,0
вкусная лапша вок в кирове,1.00,0.00,0.00,0
доставка роллов и лапши киров,1.00,0.00,0.00,0
доставка лапши,1.00,0.00,0.00,0
лапша для кнафе киров,1.00,0.00,0.00,0
доставки лапши в кирове,1.00,0.00,0.00,0
киров лапшичная,1.00,0.00,0.00,0
лапша по корейски киров доставка еды,1.00,0.00,0.00,0
острая лапша киров купить,1.00,0.00,0.00,0
заказать лапша,1.00,0.00,0.00,0
доставка удона город киров,1.00,1.00,100.00,0
заказать китайскую.лапшу киров,1.00,0.00,0.00,0
где можно заказать лапшу в коробочках киров,1.00,0.00,0.00,0
киров вок лапша где купить,1.00,0.00,0.00,0
киров вок лапша где купить,1.00,0.00,0.00,0
доставка китайской лапши в кирове,1.00,0.00,0.00,0
лапша и пельмени,1.00,0.00,0.00,0
заказать лапшу удон с доставкой,1.00,0.00,0.00,0
заказать лапшу удон с доставкой,1.00,0.00,0.00,0
лапша удон киров купить,1.00,0.00,0.00,0
лапша удон киров купить,1.00,0.00,0.00,0
экстра острая лапша в кирове,1.00,0.00,0.00,0
киров лапша вок заказать,1.00,1.00,100.00,0
киров лапша вок заказать,1.00,1.00,100.00,0
доставка китайской лапши и пиццы киров,1.00,0.00,0.00,0
лапша wok киров,1.00,0.00,0.00,0
заказать лапшу сам ян,1.00,0.00,0.00,0
доставка роллов и лапши,1.00,0.00,0.00,0
заказать еду на дом киров удон,1.00,0.00,0.00,0
заказать лапша в коробочках,1.00,0.00,0.00,0
удон в соусе ширачи киров,1.00,1.00,100.00,0
купить китайскую лапшу в коробочках в кирове,1.00,0.00,0.00,0
заказ удон киров,1.00,0.00,0.00,0
заказать лапшу вок киров,1.00,0.00,0.00,0
заказать лапшу вок киров,1.00,0.00,0.00,0
заказ лапши киров чибис,1.00,1.00,100.00,0
вок лапша заказать,1.00,0.00,0.00,0
вок лапша заказать,1.00,0.00,0.00,0
где купить домашнюю лапшу в кирове,1.00,0.00,0.00,0
заказать китайская лапша киров,1.00,0.00,0.00,0
лапша для удона купить киров,1.00,0.00,0.00,0
лапша для удона купить киров,1.00,0.00,0.00,0
удон заказать в кирове,1.00,0.00,0.00,0
киров удон доставка,1.00,0.00,0.00,0
лапша для супа киров купить,1.00,0.00,0.00,0
удон с курицей и овощами заказать в кирове,1.00,0.00,0.00,0
лапша г,1.00,0.00,0.00,0
вок с курицей в кирове,1.00,0.00,0.00,0
лапша в кирове,1.00,0.00,0.00,0
лапша с курицей заказать киров,1.00,0.00,0.00,0
лапша удон с курицей купить в кирове,1.00,0.00,0.00,0
лапша удон с курицей купить в кирове,1.00,0.00,0.00,0
удон киров купить,1.00,0.00,0.00,0
Удон,143,9,,0
удон киров,20.00,1.00,5.00,0
заказать удон киров,16.00,3.00,18.75,0
лапша удон киров,11.00,1.00,9.09,0
удон киров доставка,10.00,0.00,0.00,0
заказать удон в кирове,7.00,0.00,0.00,0
киров удон,5.00,0.00,0.00,0
удон доставка киров,4.00,0.00,0.00,0
лапша удон купить в кирове,4.00,0.00,0.00,0
удон в кирове,4.00,0.00,0.00,0
лапша удон киров доставка,3.00,0.00,0.00,0
заказать удон с курицей киров,2.00,0.00,0.00,0
киров удон на заказ,2.00,0.00,0.00,0
удоны киров доставка,2.00,0.00,0.00,0
удон киров заказать,2.00,0.00,0.00,0
заказать удон кирово чепецк,2.00,0.00,0.00,0
доставка удон киров,2.00,0.00,0.00,0
удон заказать киров,2.00,0.00,0.00,0
лапша удон доставка киров,2.00,0.00,0.00,0
удон с морепродуктами заказать в кирове,2.00,0.00,0.00,0
удон с морепродуктами заказать на дом киров,2.00,1.00,50.00,0
киров лапша удон заказать,2.00,0.00,0.00,0
лапша удон киров заказать,2.00,1.00,50.00,0
доставка еды киров удон,2.00,0.00,0.00,0
лучшие удоны кирова,1.00,0.00,0.00,0
заказать лапшу удон,1.00,0.00,0.00,0
где купить лапшу удон,1.00,0.00,0.00,0
доставка удон,1.00,0.00,0.00,0
лапша удон где купить киров,1.00,0.00,0.00,0
удон киров заказ,1.00,0.00,0.00,0
лапша удон заказать киров,1.00,0.00,0.00,0
лапша удон купить киров,1.00,0.00,0.00,0
где купить лапшу для удона киров,1.00,0.00,0.00,0
заказ еды киров удон,1.00,0.00,0.00,0
где купить удон в кирове,1.00,0.00,0.00,0
удон купить киров,1.00,0.00,0.00,0
киров японский удон,1.00,0.00,0.00,0
доставка лапши удон киров,1.00,0.00,0.00,0
лапша удон в кирове,1.00,0.00,0.00,0
палочки удон киров,1.00,0.00,0.00,0
лапша удон киров заказ,1.00,0.00,0.00,0
удон покушать киров,1.00,0.00,0.00,0
лапша удон кирово-чепецк,1.00,0.00,0.00,0
удон киров заказать еду,1.00,0.00,0.00,0
магазин удона воровского попова,1.00,0.00,0.00,0
доставка удона город киров,1.00,1.00,100.00,0
заказать лапшу удон с доставкой,1.00,0.00,0.00,0
лапша удон киров купить,1.00,0.00,0.00,0
заказать еду на дом киров удон,1.00,0.00,0.00,0
удон в соусе ширачи киров,1.00,1.00,100.00,0
заказ удон киров,1.00,0.00,0.00,0
лапша для удона купить киров,1.00,0.00,0.00,0
удон заказать в кирове,1.00,0.00,0.00,0
киров удон доставка,1.00,0.00,0.00,0
удон с курицей и овощами заказать в кирове,1.00,0.00,0.00,0
лапша удон с курицей купить в кирове,1.00,0.00,0.00,0
удон киров купить,1.00,0.00,0.00,0
Салат,104,19,,2
салаты киров,4.00,0.00,0.00,0
заказ салатов на вес киров,3.00,0.00,0.00,0
заказать салаты в кирове с бесплатной доставкой,3.00,1.00,33.33,0
кировский салаты,3.00,0.00,0.00,0
салат киров,3.00,0.00,0.00,0
салаты для большой компании купить киров,2.00,0.00,0.00,0
доставка еды киров салаты,2.00,0.00,0.00,0
доставка салатов на дом киров,2.00,1.00,50.00,0
салаты на вынос киров,2.00,1.00,50.00,0
готовые салаты киров,2.00,0.00,0.00,0
купить готовые салаты киров,2.00,1.00,50.00,0
доставка салатов аироч,2.00,1.00,50.00,0
доставка еды салатов киров,2.00,1.00,50.00,1
салат кировский,2.00,0.00,0.00,0
салаты кировского,2.00,0.00,0.00,0
киров заказать салаты на дом,1.00,0.00,0.00,0
салат нежный в кировском магазине,1.00,0.00,0.00,0
"киров, вкусные салаты где купить?",1.00,1.00,100.00,0
заказать салаты киров,1.00,0.00,0.00,0
салаты на заказ киров,1.00,0.00,0.00,0
салат в кирове приморского края,1.00,0.00,0.00,0
салат в горшке цена киров,1.00,0.00,0.00,0
где купить салаты в городе кирове,1.00,0.00,0.00,0
готовые салаты киров на большую компанию,1.00,0.00,0.00,0
салаты на заказ с доставкой киров,1.00,0.00,0.00,0
доставка салат киров,1.00,1.00,100.00,0
купить салаты отпом в кирове,1.00,0.00,0.00,0
салаты в супермаркете кировский,1.00,0.00,0.00,0
где заказать салаты заливное в кирове?,1.00,0.00,0.00,0
кировский салат,1.00,0.00,0.00,0
салаты киров магазины,1.00,0.00,0.00,0
доставка салатов киров просторы,1.00,0.00,0.00,0
пышка заказ салаты на кирова,1.00,0.00,0.00,0
киров где купить салаты после 20-00 со скидкой 50%,1.00,0.00,0.00,0
купить салат киров,1.00,0.00,0.00,0
салат юлаева 7 киров,1.00,0.00,0.00,0
уилка для салата киров купить,1.00,0.00,0.00,0
салат новый кировский,1.00,0.00,0.00,0
купить салаты кировский р-он,1.00,0.00,0.00,0
супермаркет кировский каталог салатов,1.00,0.00,0.00,0
тел салаты на сквере кирова,1.00,0.00,0.00,0
китайские острые салаты купить киров,1.00,0.00,0.00,0
доставка салаты киров,1.00,0.00,0.00,0
салат практикум г киров,1.00,0.00,0.00,0
заказать салаты магазин кировский,1.00,0.00,0.00,0
салат киров адрес,1.00,0.00,0.00,0
киров заказ салата на дом,1.00,1.00,100.00,0
салат в упаковке изготовитель киров,1.00,0.00,0.00,0
доставка киров салат,1.00,0.00,0.00,0
салат в кирове,1.00,1.00,100.00,0
салат заказать на дом,1.00,0.00,0.00,0
купить салат зимний не заправленный киров,1.00,0.00,0.00,0
заказать салаты с собой киров,1.00,1.00,100.00,0
салат цезарь доставка киров,1.00,0.00,0.00,0
киров заказ домашних салатов,1.00,0.00,0.00,0
кировский заказ салатов,1.00,0.00,0.00,0
кафе киров олля салаты,1.00,0.00,0.00,0
салаты доставка киров,1.00,1.00,100.00,0
салат с киров,1.00,0.00,0.00,0
китайские салаты купить киров,1.00,0.00,0.00,0
доставка салатов киров,1.00,0.00,0.00,0
заказ салатов на дом киров,1.00,0.00,0.00,0
заказать салаты кировский,1.00,0.00,0.00,0
где можно купить салаты киров,1.00,0.00,0.00,0
доставка салата,1.00,1.00,100.00,0
заказать на дом еду в кирове салаты,1.00,0.00,0.00,0
производители салатов в кирове,1.00,0.00,0.00,0
киров зака салат,1.00,0.00,0.00,0
киров купить листья салата частные объявления,1.00,0.00,0.00,0
купить салат в кирове,1.00,0.00,0.00,0
салаты в креманках доставка киров,1.00,1.00,100.00,0
заказ вторых блюд и салатов на мероприятие в кирове,1.00,1.00,100.00,0
заказать салаты на праздник нововятск,1.00,0.00,0.00,0
г киров доставка пиццы роллов салатов цены меню,1.00,0.00,0.00,0
киров заказ салат,1.00,2.00,200.00,0
салаты киров доставка,1.00,0.00,0.00,0
магазины салат киров,1.00,0.00,0.00,0
киров заказать салаты,1.00,0.00,0.00,0
заказать пиццу и салаты кирове,1.00,1.00,100.00,1
резка салата киров,1.00,0.00,0.00,0
вкусные салаты доставка киров,1.00,0.00,0.00,0
сколько в салате стоит в кирове,1.00,0.00,0.00,0
где заказать готовые салаты киров,1.00,1.00,100.00,0
Домашняя еда,102,16,,2
доставка домашней еды киров,19.00,1.00,5.26,0
доставка обедов киров домашняя еда,19.00,3.00,15.79,2
домашняя еда с доставкой киров,5.00,0.00,0.00,0
заказать домашнюю еду в кирове,3.00,0.00,0.00,0
пельмени домашние маленькие самолепные киров,3.00,0.00,0.00,0
пельмени домашние в магазине кировский,2.00,0.00,0.00,0
пельмени домашние очень вкусные с доставкой кировский район,2.00,0.00,0.00,0
вкусные домашние пельмени киров купить,2.00,1.00,50.00,0
вкусные домашние пельмени киров отзывы,2.00,0.00,0.00,0
домашняя еда киров,2.00,0.00,0.00,0
пельмени домашние цена киров,2.00,1.00,50.00,0
кафе домашней еды киров,2.00,0.00,0.00,0
домашние чизкейки на заказ бизнес,2.00,0.00,0.00,0
где можно заказать домашнюю еду на дом киров,2.00,0.00,0.00,0
заказать домашнюю еду,2.00,1.00,50.00,0
пеку блины на заказ сама домашних условиях киров,2.00,0.00,0.00,0
чебуреки домашние киров,2.00,1.00,50.00,0
домашняя еда доставка киров,2.00,1.00,50.00,0
пельмени домашние маленькие самолепные 900 гр. киров цена,1.00,0.00,0.00,0
домашний фарш для пельменей из курицы,1.00,0.00,0.00,0
доставка домашних обедов,1.00,0.00,0.00,0
домашняя еда заказ киров,1.00,1.00,100.00,0
купить домашний десерт в кирове,1.00,0.00,0.00,0
пельмени домашние в магазине кировский каменск уральский,1.00,0.00,0.00,0
домашний обед на дом,1.00,1.00,100.00,0
домашние пельмени киров,1.00,2.00,200.00,0
куплю домашние пельмени киров,1.00,0.00,0.00,0
домашняя еда киров доставка,1.00,0.00,0.00,0
домашняя кухня киров доставка,1.00,0.00,0.00,0
домашний фарш для пельменей из куриного филе,1.00,0.00,0.00,0
вкусно по домашнему киров,1.00,0.00,0.00,0
доставка домашней еды на дом в кирове,1.00,0.00,0.00,0
пельмени домашние маленькие самолепные 900 г. г. киров,1.00,1.00,100.00,0
домашние пельмени цена,1.00,0.00,0.00,0
доставка обедов киров домашняя,1.00,1.00,100.00,0
заказать домашнюю еду киров,1.00,0.00,0.00,0
киров заказ домашних салатов,1.00,0.00,0.00,0
домашняя еда с доставкой на дом,1.00,0.00,0.00,0
готовая домашняя еда киров,1.00,1.00,100.00,0
пельмени домашние в сети кировский,1.00,0.00,0.00,0
киров купить домашнюю лапшу,1.00,0.00,0.00,0
сколько стоят домашние пельмени ручной лепки в кирове,1.00,0.00,0.00,0
киров доставка домашней еды,1.00,0.00,0.00,0
где купить домашнюю лапшу в кирове,1.00,0.00,0.00,0
доставка домашней еды,1.00,0.00,0.00,0
Ужин,28,1,,0
заказ ужинов в кирове,24.00,0.00,0.00,0
ужин на дом доставка киров,1.00,0.00,0.00,0
доставка ужина на дом в кирове,1.00,0.00,0.00,0
меню на обед и ужин киров заказ,1.00,0.00,0.00,0
доставка киров ужин,1.00,1.00,100.00,0
