Поисковый запрос,Показы,Клики,CTR,Достижения цели,Конверсия показа в заказ,Конверсия клика в заказ
доставка еды киров,559.00,38.00,6.80,7,1.2522361359570662,18.42105263157895
шумовка,502.00,33.00,6.57,5,0.9960159362549802,15.15151515151515
шумовка киров,351.00,148.00,42.17,50,14.245014245014247,33.78378378378378
пельмени даниловка киров,112.00,0.00,0.00,0,0.0,0
заказ еды киров,87.00,9.00,10.34,1,1.1494252873563218,11.11111111111111
заказать еду киров,80.00,7.00,8.75,0,0.0,0.0
шумовка киров калинина 40,71.00,34.00,47.89,3,4.225352112676057,8.823529411764705
вятский чебурек,65.00,1.00,1.54,0,0.0,0.0
чизкейк киров,63.00,1.00,1.59,0,0.0,0.0
чебуреки киров,57.00,6.00,10.53,0,0.0,0.0
заказать пиццу киров,55.00,2.00,3.64,0,0.0,0.0
заказать пиццу кирова,55.00,0.00,0.00,0,0.0,0
кафе супчик киров,53.00,0.00,0.00,0,0.0,0
доставка еды в кирове,49.00,5.00,10.20,0,0.0,0.0
чизкейки киров,47.00,1.00,2.13,0,0.0,0.0
доставка еды,46.00,3.00,6.52,1,2.1739130434782608,33.333333333333336
заказ обедов киров,42.00,3.00,7.14,0,0.0,0.0
доставка еды на дом,40.00,0.00,0.00,0,0.0,0
чебуречная киров,38.00,0.00,0.00,0,0.0,0
доставка пиццы в кирове,36.00,0.00,0.00,0,0.0,0
пицца киров заказать,36.00,0.00,0.00,0,0.0,0
заказать еду на дом киров,35.00,3.00,8.57,1,2.857142857142857,33.333333333333336
заказ еды на дом киров,34.00,0.00,0.00,0,0.0,0
доставка обедов киров,32.00,6.00,18.75,0,0.0,0.0
доставка обедов в кирове,31.00,0.00,0.00,0,0.0,0
заказать пиццу в кирове,31.00,0.00,0.00,0,0.0,0
заказ обедов с доставкой киров,30.00,0.00,0.00,0,0.0,0
заказ обедов в кирове,29.00,0.00,0.00,0,0.0,0
заказ обедов,29.00,0.00,0.00,0,0.0,0
вятский чебурек киров доставка,28.00,0.00,0.00,0,0.0,0
заказ обедов с доставкой в кирове,28.00,0.00,0.00,0,0.0,0
еда на дом киров,28.00,3.00,10.71,0,0.0,0.0
доставка киров,27.00,1.00,3.70,0,0.0,0.0
супчик 43 киров,26.00,0.00,0.00,0,0.0,0
заказать роллы в кирове,26.00,0.00,0.00,0,0.0,0
доставка еды на дом киров,26.00,2.00,7.69,0,0.0,0.0
кафе шумовка киров,26.00,7.00,26.92,1,3.846153846153846,14.285714285714285
шумовка киров калинина,24.00,1.00,4.17,0,0.0,0.0
супчик киров,24.00,1.00,4.17,0,0.0,0.0
супчик 43,24.00,1.00,4.17,0,0.0,0.0
киров доставка еды,24.00,1.00,4.17,0,0.0,0.0
заказ пиццы киров,24.00,0.00,0.00,0,0.0,0
вкусные роллы киров,24.00,0.00,0.00,0,0.0,0
вкусно блин киров,23.00,0.00,0.00,0,0.0,0
доставка пиццы,23.00,1.00,4.35,0,0.0,0.0
заказать роллы в кирове с бесплатной доставкой,23.00,0.00,0.00,0,0.0,0
заказ пиццы кирова,21.00,0.00,0.00,0,0.0,0
заказ еды киров на дом,21.00,0.00,0.00,0,0.0,0
доставка,20.00,0.00,0.00,0,0.0,0
заказать пиццу в кирове с доставкой,19.00,0.00,0.00,0,0.0,0
заказ еды,19.00,1.00,5.26,0,0.0,0.0
чебуреки киров доставка,18.00,6.00,33.33,1,5.555555555555555,16.666666666666668
блинные киров,18.00,0.00,0.00,0,0.0,0
пельменная киров,18.00,0.00,0.00,0,0.0,0
удон киров,17.00,1.00,5.88,0,0.0,0.0
доставка чебуреков киров,17.00,5.00,29.41,0,0.0,0.0
доставка еды киров круглосуточно,17.00,1.00,5.88,0,0.0,0.0
заказать еду киров на дом,16.00,0.00,0.00,0,0.0,0
доставка роллов,16.00,0.00,0.00,0,0.0,0
вкусный обед киров доставка,16.00,2.00,12.50,0,0.0,0.0
блины киров,16.00,0.00,0.00,0,0.0,0
доставка лапши киров,15.00,3.00,20.00,0,0.0,0.0
заказ ужинов в кирове,15.00,0.00,0.00,0,0.0,0
чизкейк киров купить,14.00,0.00,0.00,0,0.0,0
заказ пиццы в кирове с бесплатной доставкой,14.00,1.00,7.14,0,0.0,0.0
пицца заказать киров,14.00,0.00,0.00,0,0.0,0
запеченные роллы в кирове,13.00,2.00,15.38,0,0.0,0.0
чебуреки те самые киров,13.00,0.00,0.00,0,0.0,0
заказать роллы,12.00,0.00,0.00,0,0.0,0
лапша вок киров,12.00,2.00,16.67,0,0.0,0.0
супчик доставка обедов,12.00,2.00,16.67,0,0.0,0.0
заказать роллы киров,12.00,0.00,0.00,0,0.0,0
доставка чебуреков,11.00,0.00,0.00,0,0.0,0
комплексные обеды с доставкой,11.00,0.00,0.00,0,0.0,0
киров заказ еды,11.00,3.00,27.27,0,0.0,0.0
заказать удон киров,11.00,1.00,9.09,0,0.0,0.0
доставка обедов киров домашняя еда,11.00,2.00,18.18,2,18.181818181818183,100.0
еда киров,11.00,1.00,9.09,0,0.0,0.0
доставка домашней еды киров,11.00,1.00,9.09,0,0.0,0.0
пельмени киров,11.00,0.00,0.00,0,0.0,0
вкусно блин киров меню,11.00,0.00,0.00,0,0.0,0
заказать еду в кирове,11.00,0.00,0.00,1,9.090909090909092,0
wok-лапша киров,10.00,0.00,0.00,0,0.0,0
чебурек 43 киров,10.00,1.00,10.00,0,0.0,0.0
еда на заказ киров,10.00,1.00,10.00,0,0.0,0.0
шумовка калинина 40,10.00,3.00,30.00,0,0.0,0.0
лапша киров,10.00,1.00,10.00,0,0.0,0.0
заказ обедов в офис,10.00,0.00,0.00,0,0.0,0
шумовка киров официальный сайт,10.00,6.00,60.00,0,0.0,0.0
лапша удон киров,10.00,1.00,10.00,0,0.0,0.0
чебуреки с доставкой,9.00,0.00,0.00,0,0.0,0
вкусные роллы киров доставка,9.00,0.00,0.00,0,0.0,0
доставка киров еда,9.00,1.00,11.11,0,0.0,0.0
пицца в кирове с доставкой,9.00,0.00,0.00,0,0.0,0
кафе шумовка калинина 40,9.00,2.00,22.22,0,0.0,0.0
лапша киров доставка,9.00,1.00,11.11,0,0.0,0.0
заказать обед киров,9.00,1.00,11.11,0,0.0,0.0
доставка блинов киров,9.00,5.00,55.56,0,0.0,0.0
доставка еды киров от 300 рублей,9.00,0.00,0.00,0,0.0,0
удон киров доставка,9.00,0.00,0.00,0,0.0,0
кафе шумовка,9.00,0.00,0.00,0,0.0,0
заказать чебуреки с доставкой,8.00,0.00,0.00,0,0.0,0
заказ,8.00,0.00,0.00,0,0.0,0
вкусная пицца в кирове с доставкой,8.00,0.00,0.00,0,0.0,0
еда киров доставка,8.00,1.00,12.50,0,0.0,0.0
обед на дом киров,8.00,1.00,12.50,0,0.0,0.0
пельмени кировские,8.00,0.00,0.00,0,0.0,0
супчик43,8.00,0.00,0.00,0,0.0,0
еда на заказ с доставкой киров,8.00,0.00,0.00,0,0.0,0
десерты киров,8.00,2.00,25.00,0,0.0,0.0
доставка продуктов киров,8.00,0.00,0.00,0,0.0,0
пельмени толмачев киров,8.00,0.00,0.00,0,0.0,0
китайская лапша киров,8.00,1.00,12.50,0,0.0,0.0
заказ еды в кирове,8.00,1.00,12.50,0,0.0,0.0
пицца киров заказать с доставкой,7.00,0.00,0.00,0,0.0,0
заказ еды онлайн 130,7.00,0.00,0.00,0,0.0,0
доставка еды от 300 рублей в кирове,7.00,0.00,0.00,0,0.0,0
калинина 40,7.00,0.00,0.00,0,0.0,0
чизкейк в кирове,7.00,0.00,0.00,0,0.0,0
заказать пиццу,7.00,0.00,0.00,0,0.0,0
вятский чебурек киров официальный сайт меню цены,7.00,0.00,0.00,0,0.0,0
еда на дом,7.00,0.00,0.00,0,0.0,0
вятские чебуреки киров,7.00,0.00,0.00,0,0.0,0
шумовка киров калинина 40 доставка,7.00,1.00,14.29,1,14.285714285714285,100.0
вкусная еда киров доставка,6.00,0.00,0.00,0,0.0,0
заказать киров еду,6.00,0.00,0.00,0,0.0,0
еда 43,6.00,0.00,0.00,0,0.0,0
доставка киров еды,6.00,0.00,0.00,0,0.0,0
горячий обед киров,6.00,0.00,0.00,0,0.0,0
вятский чебурек доставка,6.00,0.00,0.00,0,0.0,0
шумовка 43,6.00,6.00,100.00,1,16.666666666666668,16.666666666666668
чебуречная,6.00,0.00,0.00,0,0.0,0
калинина 40 кафе,6.00,0.00,0.00,0,0.0,0
кировские пельмени,6.00,0.00,0.00,0,0.0,0
доставка горячих блинов в кирове,6.00,1.00,16.67,0,0.0,0.0
заказать еду в кирове на дом,6.00,0.00,0.00,0,0.0,0
еge43,6.00,0.00,0.00,0,0.0,0
заказать удон в кирове,6.00,0.00,0.00,0,0.0,0
чизкейк киров доставка,6.00,0.00,0.00,0,0.0,0
купить чизкейк киров,6.00,1.00,16.67,0,0.0,0.0
доставка супа киров,6.00,2.00,33.33,0,0.0,0.0
шумовк,6.00,1.00,16.67,0,0.0,0.0
тяханы киров,6.00,0.00,0.00,0,0.0,0
доставка готовой еды на дом киров,6.00,0.00,0.00,0,0.0,0
ljcnfdrf tls rbhjd,6.00,1.00,16.67,0,0.0,0.0
заказать еду на дом,6.00,0.00,0.00,0,0.0,0
еда заказать на дом,6.00,0.00,0.00,0,0.0,0
пельменная в кирове,6.00,0.00,0.00,0,0.0,0
доставки еды киров,5.00,1.00,20.00,0,0.0,0.0
shumovka_,5.00,0.00,0.00,0,0.0,0
киров удон,5.00,0.00,0.00,0,0.0,0
киров заказать пиццу,5.00,0.00,0.00,0,0.0,0
кафе шумовка калинина 40 меню,5.00,1.00,20.00,0,0.0,0.0
чебуречная в кирове,5.00,1.00,20.00,0,0.0,0.0
доставка продуктов на дом киров,5.00,0.00,0.00,0,0.0,0
еда на дом доставка,5.00,0.00,0.00,0,0.0,0
вкусная пицца киров,5.00,0.00,0.00,0,0.0,0
"шумовка ул. калинина, 40, ленинский район",5.00,0.00,0.00,0,0.0,0
еда на дом киров круглосуточно,5.00,2.00,40.00,0,0.0,0.0
"киров , кировская область заморозка полуфабрикаты оптом чебуреки, пиццы",5.00,0.00,0.00,0,0.0,0
паста с доставкой киров,5.00,0.00,0.00,0,0.0,0
еда с собой киров,5.00,0.00,0.00,0,0.0,0
еда доставка киров,5.00,0.00,0.00,0,0.0,0
заказ роллов в кирове с доставкой,5.00,0.00,0.00,0,0.0,0
доставка горячих блинов в кирове телефон,5.00,0.00,0.00,0,0.0,0
доставка горячих обедов киров,5.00,0.00,0.00,0,0.0,0
шумовка киров отзывы,5.00,0.00,0.00,0,0.0,0
столовая елки калинина 40,5.00,0.00,0.00,0,0.0,0
цезарь доставка еды,5.00,0.00,0.00,0,0.0,0
чизкейковая киров,5.00,0.00,0.00,0,0.0,0
столовая калинина 40 киров,5.00,1.00,20.00,0,0.0,0.0
вятский чебурек меню,5.00,0.00,0.00,0,0.0,0
наш хмель киров калинина 40,5.00,0.00,0.00,0,0.0,0
доставка чизкейков киров,5.00,0.00,0.00,0,0.0,0
заказ еды на дом,5.00,0.00,0.00,0,0.0,0
сладости на заказ киров,5.00,1.00,20.00,0,0.0,0.0
shymovka43,5.00,1.00,20.00,0,0.0,0.0
доставка горячей еды киров,5.00,1.00,20.00,0,0.0,0.0
купить роллы в кирове с доставкой,5.00,0.00,0.00,0,0.0,0
заказать блины киров,5.00,3.00,60.00,0,0.0,0.0
киров еда,5.00,0.00,0.00,0,0.0,0
шумовка киров еда,5.00,1.00,20.00,0,0.0,0.0
десерты в кирове,5.00,0.00,0.00,0,0.0,0
"шумовка улица калинина, 40",4.00,0.00,0.00,0,0.0,0
доставка обедов на дом киров,4.00,0.00,0.00,0,0.0,0
пивная тарелка,4.00,1.00,25.00,0,0.0,0.0
киров заказ чебуреков,4.00,1.00,25.00,0,0.0,0.0
foodcity43,4.00,0.00,0.00,0,0.0,0
кафе шумовка киров работа,4.00,0.00,0.00,0,0.0,0
заказать еду киров круглосуточно,4.00,0.00,0.00,0,0.0,0
доставка еды супчик киров,4.00,0.00,0.00,0,0.0,0
доставка десертов киров,4.00,1.00,25.00,0,0.0,0.0
калинина 40 киров столовая,4.00,0.00,0.00,0,0.0,0
https://shymovka43.ru/menu/+78332416646,4.00,1.00,25.00,0,0.0,0.0
41-66-46,4.00,0.00,0.00,0,0.0,0
доставка еды киров супчик,4.00,0.00,0.00,0,0.0,0
шумовка кафе,4.00,1.00,25.00,1,25.0,100.0
чебуреки доставка,4.00,0.00,0.00,0,0.0,0
заказ лапши киров,4.00,1.00,25.00,0,0.0,0.0
домашняя еда с доставкой киров,4.00,0.00,0.00,0,0.0,0
салат киров,4.00,1.00,25.00,0,0.0,0.0
лапша удон купить в кирове,4.00,0.00,0.00,0,0.0,0
суп киров,4.00,0.00,0.00,0,0.0,0
вкусный обед доставка киров,4.00,0.00,0.00,0,0.0,0
пицца 30 см,4.00,0.00,0.00,0,0.0,0
доставка готовой еды на дом,4.00,0.00,0.00,0,0.0,0
заказать пивную тарелку киров,4.00,2.00,50.00,0,0.0,0.0
заказ пицца киров,4.00,0.00,0.00,0,0.0,0
киров кафе шумовка,4.00,0.00,0.00,0,0.0,0
заказать чебуреки с доставкой в кирове,4.00,2.00,50.00,0,0.0,0.0
киров шумовка,4.00,1.00,25.00,0,0.0,0.0
пицца охотничья,4.00,0.00,0.00,0,0.0,0
киров доставка еды на дом,4.00,0.00,0.00,0,0.0,0
обед киров доставка,4.00,0.00,0.00,0,0.0,0
заказ еды на дом киров круглосуточно,4.00,1.00,25.00,0,0.0,0.0
заказ пиццы,4.00,0.00,0.00,0,0.0,0
доставка пельменей в кирове,4.00,2.00,50.00,0,0.0,0.0
заказ пиццы в кирове с доставкой,4.00,0.00,0.00,0,0.0,0
еда с доставкой киров,4.00,0.00,0.00,0,0.0,0
есть ли вкусно блин в кирове,4.00,0.00,0.00,0,0.0,0
поесть роллы в кирове,4.00,0.00,0.00,0,0.0,0
блинные в кирове,4.00,0.00,0.00,0,0.0,0
bbq киров доставка,4.00,0.00,0.00,0,0.0,0
чебуречные в кирове,4.00,0.00,0.00,0,0.0,0
роллы доставка киров,4.00,0.00,0.00,0,0.0,0
горячие роллы в кирове,3.00,0.00,0.00,0,0.0,0
вкусные роллы в кирове,3.00,0.00,0.00,0,0.0,0
заказать вок лапшу киров,3.00,0.00,0.00,0,0.0,0
шаушка киров,3.00,0.00,0.00,0,0.0,0
в кирове заказать пицца,3.00,0.00,0.00,0,0.0,0
шумовка кафе киров,3.00,2.00,66.67,0,0.0,0.0
киров заказ еды на дом,3.00,0.00,0.00,0,0.0,0
пельмени кировские в коробке,3.00,0.00,0.00,0,0.0,0
закуски киров доставка,3.00,0.00,0.00,0,0.0,0
вкусный обед киров,3.00,0.00,0.00,0,0.0,0
вкусные чебуреки в кирове,3.00,0.00,0.00,0,0.0,0
шаурма киров калинина 40,3.00,0.00,0.00,0,0.0,0
лапша доставка,3.00,0.00,0.00,0,0.0,0
заказать роллы в кирове на дом,3.00,0.00,0.00,0,0.0,0
киров доставка десерта,3.00,3.00,100.00,0,0.0,0.0
доставка обедов киров на дом,3.00,1.00,33.33,0,0.0,0.0
лапша вок киров заказать,3.00,0.00,0.00,0,0.0,0
данар киров доставка на дом меню заказать,3.00,0.00,0.00,0,0.0,0
уни пельмени кировская область,3.00,0.00,0.00,0,0.0,0
чизкейк купить в кирове,3.00,0.00,0.00,0,0.0,0
чизкейки с доставкой киров,3.00,0.00,0.00,0,0.0,0
где купить узбекские чебуреки на центрального рынка г. киров,3.00,0.00,0.00,0,0.0,0
заказать вкусную пиццу киров,3.00,1.00,33.33,0,0.0,0.0
купить чизкейк в кирове,3.00,0.00,0.00,0,0.0,0
пельмени заказать киров,3.00,1.00,33.33,0,0.0,0.0
доставка супов киров,3.00,0.00,0.00,0,0.0,0
блины в кирове,3.00,0.00,0.00,0,0.0,0
вкусные пельмени киров,3.00,0.00,0.00,0,0.0,0
доставка +на дом киров 207,3.00,0.00,0.00,0,0.0,0
заказ еды шумовка,3.00,1.00,33.33,0,0.0,0.0
заказ роллов на дом киров,3.00,0.00,0.00,0,0.0,0
пельмени купить в кирове,3.00,1.00,33.33,0,0.0,0.0
шумовка киров калинина меню,3.00,1.00,33.33,0,0.0,0.0
шумовка улица калинина 40,3.00,0.00,0.00,0,0.0,0
самые вкусные чебуреки киров,3.00,0.00,0.00,0,0.0,0
заказать пиццу в кирове с доставкой цена,3.00,2.00,66.67,0,0.0,0.0
кафе на калинина 40 киров,3.00,0.00,0.00,0,0.0,0
горячие супы киров,3.00,1.00,33.33,0,0.0,0.0
блины киров доставка,3.00,1.00,33.33,0,0.0,0.0
доставка еды город киров,3.00,0.00,0.00,0,0.0,0
доставка обедов супчик киров,3.00,0.00,0.00,0,0.0,0
китайская лапша киров заказ,3.00,0.00,0.00,0,0.0,0
ул калинина 40,3.00,0.00,0.00,0,0.0,0
те самые чебуреки киров,3.00,0.00,0.00,0,0.0,0
вятские чебуреки,3.00,0.00,0.00,0,0.0,0
доставка пицца киров,3.00,1.00,33.33,0,0.0,0.0
заказ еды киров круглосуточно,3.00,0.00,0.00,0,0.0,0
горячий чебурек киров,3.00,0.00,0.00,0,0.0,0
заказ обед киров,3.00,0.00,0.00,0,0.0,0
доставка вкусной еды киров,3.00,0.00,0.00,0,0.0,0
десерты доставка киров,3.00,0.00,0.00,0,0.0,0
калинина 40 кафе столовая,3.00,0.00,0.00,0,0.0,0
wok лапша киров,3.00,0.00,0.00,0,0.0,0
пицца на вынос киров,3.00,0.00,0.00,0,0.0,0
пельменные киров,3.00,1.00,33.33,0,0.0,0.0
сколько стоит чизкейк в кирове,3.00,0.00,0.00,0,0.0,0
пицца с доставкой киров,3.00,0.00,0.00,0,0.0,0
заказать лапшу киров,3.00,0.00,0.00,0,0.0,0
минимальная сумма доставки еды в кирове,3.00,1.00,33.33,0,0.0,0.0
еда на вынос киров,3.00,0.00,0.00,0,0.0,0
чебуреки кировский,3.00,0.00,0.00,0,0.0,0
доставка пельменей киров,3.00,2.00,66.67,0,0.0,0.0
заказ салатов на вес киров,3.00,0.00,0.00,0,0.0,0
супчик еда надом,3.00,1.00,33.33,0,0.0,0.0
пицца с доставкой в кирове,3.00,0.00,0.00,0,0.0,0
заказать роллы на дом киров,3.00,0.00,0.00,0,0.0,0
блинная киров,3.00,0.00,0.00,0,0.0,0
удон доставка киров,3.00,0.00,0.00,0,0.0,0
кресло-чебурек,3.00,0.00,0.00,0,0.0,0
чизкейк цена киров,3.00,0.00,0.00,0,0.0,0
супчик доставка,3.00,1.00,33.33,0,0.0,0.0
киров заказать еду,3.00,0.00,0.00,0,0.0,0
кирова блины,3.00,0.00,0.00,0,0.0,0
чебуречные киров,3.00,0.00,0.00,0,0.0,0
цезарь еда киров,3.00,0.00,0.00,0,0.0,0
горячая еда киров,3.00,0.00,0.00,0,0.0,0
кировский чебурек,3.00,0.00,0.00,0,0.0,0
пицца киров,3.00,0.00,0.00,0,0.0,0
десерты киров доставка круглосуточно,3.00,1.00,33.33,0,0.0,0.0
кафе на калинина киров,3.00,0.00,0.00,0,0.0,0
доставка вок лапши в кирове,3.00,0.00,0.00,0,0.0,0
пивная тарелка закуска ижевск доставка,3.00,0.00,0.00,0,0.0,0
лучшие пельмени в кирове,3.00,0.00,0.00,0,0.0,0
пельмени ручной лепки где уни котельнич заказать кировская область,3.00,0.00,0.00,0,0.0,0
удон киров заказать,3.00,1.00,33.33,0,0.0,0.0
заказ еды киров вкусно,3.00,0.00,0.00,0,0.0,0
чебуреки на заказ кировский рн спб,3.00,0.00,0.00,0,0.0,0
чебуреки кирово-чепецк,3.00,0.00,0.00,0,0.0,0
чебурек киров,3.00,0.00,0.00,0,0.0,0
удон в кирове,3.00,0.00,0.00,0,0.0,0
вкусноблин киров доставка,3.00,0.00,0.00,0,0.0,0
пельмени домашние в магазине кировский,2.00,0.00,0.00,0,0.0,0
город вожгалы кировская область мясные полуфабрикаты чебуреки,2.00,0.00,0.00,0,0.0,0
чебуреки доставка киров,2.00,0.00,0.00,1,50.0,0
доставка еды три медведя киров,2.00,0.00,0.00,0,0.0,0
вкусная кухня заказ в кирове,2.00,0.00,0.00,0,0.0,0
пильмеш киров,2.00,0.00,0.00,0,0.0,0
доставка-еды-киров,2.00,0.00,0.00,0,0.0,0
пельмени толмачев люкс,2.00,0.00,0.00,0,0.0,0
киров заказ роллов на дом,2.00,0.00,0.00,0,0.0,0
лапша с соевым соусом заказать домой,2.00,0.00,0.00,0,0.0,0
киров доставка еды от 400,2.00,0.00,0.00,0,0.0,0
киров еда на дом,2.00,0.00,0.00,0,0.0,0
пельменная в кирове с доставкой,2.00,0.00,0.00,0,0.0,0
киров десерт,2.00,0.00,0.00,0,0.0,0
кафе шумовка киров начальник,2.00,0.00,0.00,0,0.0,0
удоны киров доставка,2.00,0.00,0.00,0,0.0,0
доставка супа киров круглосуточно,2.00,0.00,0.00,0,0.0,0
заказ чебуреки,2.00,0.00,0.00,0,0.0,0
заказать супчик,2.00,0.00,0.00,0,0.0,0
где в кирове можно заказать еду с доставкой,2.00,0.00,0.00,0,0.0,0
вкусные домашние пельмени киров купить,2.00,1.00,50.00,0,0.0,0.0
пельмени домашние цена киров,2.00,1.00,50.00,0,0.0,0.0
чебуреки те самые киров адреса,2.00,0.00,0.00,0,0.0,0
салаты кировского,2.00,0.00,0.00,0,0.0,0
заказать на дом обед киров,2.00,0.00,0.00,0,0.0,0
салаты киров,2.00,0.00,0.00,0,0.0,0
вятский чебурек киров официальный сайт,2.00,0.00,0.00,0,0.0,0
заказать вкусную еду,2.00,0.00,0.00,0,0.0,0
пицца на заказ в кирове,2.00,0.00,0.00,0,0.0,0
кировский салаты,2.00,0.00,0.00,0,0.0,0
блинчики с доставкой киров,2.00,1.00,50.00,0,0.0,0.0
доставка китайской лапши киров,2.00,0.00,0.00,0,0.0,0
еда на вынос,2.00,0.00,0.00,0,0.0,0
киров шумовка адреса,2.00,0.00,0.00,0,0.0,0
чебуреки заказать с доставкой,2.00,0.00,0.00,0,0.0,0
шамовка киров,2.00,0.00,0.00,0,0.0,0
заказать удон кирово чепецк,2.00,0.00,0.00,0,0.0,0
вятская чебурек,2.00,0.00,0.00,0,0.0,0
"калинина,40 столовая",2.00,0.00,0.00,0,0.0,0
народная доставка еды киров,2.00,0.00,0.00,0,0.0,0
пельмени полячок киров,2.00,1.00,50.00,0,0.0,0.0
чебуреки 43 киров,2.00,0.00,0.00,0,0.0,0
вкусные блюда в кирове,2.00,0.00,0.00,0,0.0,0
лапша удон доставка киров,2.00,0.00,0.00,0,0.0,0
продажа чизкейков в кирове,2.00,0.00,0.00,0,0.0,0
заказать,2.00,0.00,0.00,0,0.0,0
доставки еды в кирове,2.00,0.00,0.00,0,0.0,0
shumovka43,2.00,2.00,100.00,0,0.0,0.0
вкусно блин кафе киров,2.00,0.00,0.00,0,0.0,0
шумовка киров пицца,2.00,1.00,50.00,0,0.0,0.0
лапша вок киров доставка,2.00,1.00,50.00,0,0.0,0.0
пельмешь доставка,2.00,0.00,0.00,0,0.0,0
доставка в кирове,2.00,0.00,0.00,0,0.0,0
купить роллы в кирове с,2.00,0.00,0.00,0,0.0,0
меню вятский чебурек киров,2.00,0.00,0.00,0,0.0,0
людмила с.шумовка,2.00,0.00,0.00,0,0.0,0
еда на дом меню и цены,2.00,0.00,0.00,0,0.0,0
кафе шумовка киров отзывы,2.00,1.00,50.00,0,0.0,0.0
доставка китайской лапши супов в кирове,2.00,0.00,0.00,0,0.0,0
"ракоед улица калинина, 40",2.00,0.00,0.00,0,0.0,0
доставка еда,2.00,0.00,0.00,0,0.0,0
киров пельменная,2.00,0.00,0.00,0,0.0,0
киров закат пиццу,2.00,0.00,0.00,0,0.0,0
вок киров доставка,2.00,0.00,0.00,0,0.0,0
кафе вкусно блин киров,2.00,0.00,0.00,0,0.0,0
пельмени домашние очень вкусные с доставкой кировский район,2.00,0.00,0.00,0,0.0,0
доставка еды киров салаты,2.00,0.00,0.00,0,0.0,0
вкусный обед киров доставка меню,2.00,0.00,0.00,0,0.0,0
чизкейки на заказ киров,2.00,0.00,0.00,0,0.0,0
кирова 180 доставка еды,2.00,0.00,0.00,0,0.0,0
заказать пасту на дом в кирове,2.00,0.00,0.00,0,0.0,0
вкусная еда киров,2.00,0.00,0.00,0,0.0,0
доставка еды домой киров,2.00,0.00,0.00,0,0.0,0
доставка пиццы шумовка,2.00,0.00,0.00,0,0.0,0
доставка еды спк,2.00,0.00,0.00,0,0.0,0
заказать пиццу г. киров,2.00,0.00,0.00,0,0.0,0
киров пицца заказать,2.00,0.00,0.00,0,0.0,0
яндекс карты чизкейки киров,2.00,0.00,0.00,0,0.0,0
где можно заказать домашнюю еду на дом киров,2.00,0.00,0.00,0,0.0,0
заказать еду в кирове с доставкой,2.00,0.00,0.00,0,0.0,0
чебурек заказать,2.00,0.00,0.00,0,0.0,0
пицца меню,2.00,0.00,0.00,0,0.0,0
лапша удон киров заказать,2.00,1.00,50.00,0,0.0,0.0
пицца кирова,2.00,0.00,0.00,0,0.0,0
суп киров доставка,2.00,1.00,50.00,0,0.0,0.0
пицца киров вкусная,2.00,0.00,0.00,0,0.0,0
сырные палочки киров,2.00,1.00,50.00,0,0.0,0.0
вкусные роллы с доставкой киров,2.00,0.00,0.00,0,0.0,0
заказа. пиццу,2.00,0.00,0.00,0,0.0,0
г киров заказ пицца,2.00,0.00,0.00,0,0.0,0
шау43,2.00,0.00,0.00,0,0.0,0
чебуреки оптом киров,2.00,0.00,0.00,0,0.0,0
пицца киров забрать самому,2.00,0.00,0.00,0,0.0,0
удон с морепродуктами заказать на дом киров,2.00,1.00,50.00,0,0.0,0.0
доставка еды киров рф,2.00,0.00,0.00,0,0.0,0
где в кирове купить вкусные пельмени,2.00,1.00,50.00,0,0.0,0.0
самые богатые роллы в кирове,2.00,0.00,0.00,0,0.0,0
вкусные кировские пельмени купить в москве,2.00,0.00,0.00,0,0.0,0
домашняя еда киров,2.00,0.00,0.00,0,0.0,0
чумовка,2.00,0.00,0.00,0,0.0,0
доставка суп киров,2.00,1.00,50.00,0,0.0,0.0
заказать лапшу в кирове,2.00,0.00,0.00,0,0.0,0
шумовка киров доставка,2.00,1.00,50.00,0,0.0,0.0
доставка 43 киров,2.00,0.00,0.00,0,0.0,0
заказать роллы в кирове на дом недорого,2.00,0.00,0.00,0,0.0,0
пельмени сельские киров,2.00,0.00,0.00,0,0.0,0
киров лапша удон заказать,2.00,0.00,0.00,0,0.0,0
чебуреки из детей в кирове в войну,2.00,0.00,0.00,0,0.0,0
заказ еды ульяновск в село шумовка,2.00,0.00,0.00,0,0.0,0
еда на заказ,2.00,0.00,0.00,0,0.0,0
лучшие коробочки с лапшой киров,2.00,0.00,0.00,0,0.0,0
киров лапшичная,2.00,0.00,0.00,0,0.0,0
доставка горячей еды вечером киров,2.00,0.00,0.00,0,0.0,0
где заказать еду на дом киров,2.00,0.00,0.00,0,0.0,0
киров доставка еды киров,2.00,1.00,50.00,0,0.0,0.0
роллы на дом киров,2.00,0.00,0.00,0,0.0,0
пеку блины на заказ сама домашних условиях киров,2.00,0.00,0.00,0,0.0,0
где в кирово-чепецке можно заказать блины с доставкой,2.00,0.00,0.00,0,0.0,0
быстрая доставка еды киров,2.00,0.00,0.00,0,0.0,0
вкусные продукты киров официальный сайт,2.00,0.00,0.00,0,0.0,0
киров китайская лапша,2.00,0.00,0.00,0,0.0,0
где можно заказать сырный суп в кирове,2.00,1.00,50.00,0,0.0,0.0
торты чизкейк киров,2.00,0.00,0.00,0,0.0,0
pfrfpfnm tle rbhjd,2.00,2.00,100.00,0,0.0,0.0
чебуреки в кирове,2.00,0.00,0.00,0,0.0,0
меню в столовой и цены супы,2.00,0.00,0.00,0,0.0,0
обеды с доставкой,2.00,1.00,50.00,0,0.0,0.0
морская пицца киров,2.00,1.00,50.00,0,0.0,0.0
салаты для большой компании купить киров,2.00,0.00,0.00,0,0.0,0
горячие обеды киров доставка,2.00,0.00,0.00,0,0.0,0
праздничный обед на заказ киров,2.00,0.00,0.00,0,0.0,0
пицца киров доставка круглосуточно,2.00,1.00,50.00,0,0.0,0.0
доставка рамен киров,2.00,0.00,0.00,0,0.0,0
доставка салатов аироч,2.00,1.00,50.00,0,0.0,0.0
хомяк доставка еды киров,2.00,0.00,0.00,0,0.0,0
заказать пиццу в кирове на дом,2.00,0.00,0.00,0,0.0,0
шумовка столовая,2.00,1.00,50.00,0,0.0,0.0
кафе киров еда на вынос,2.00,0.00,0.00,0,0.0,0
киров блины,2.00,0.00,0.00,0,0.0,0
пицца киров бесплатная доставка,2.00,0.00,0.00,0,0.0,0
киров доставка на дом,2.00,0.00,0.00,0,0.0,0
доставка еды киров по минимальным ценам,2.00,0.00,0.00,0,0.0,0
доставка готовой еды киров,2.00,0.00,0.00,0,0.0,0
кафе шумовка меню,2.00,0.00,0.00,0,0.0,0
купить москве пельмени из кирова,2.00,0.00,0.00,0,0.0,0
заказать домашнюю еду,2.00,1.00,50.00,0,0.0,0.0
салат кировский,2.00,0.00,0.00,0,0.0,0
калинина 40 киров кафе,2.00,0.00,0.00,0,0.0,0
чизкейк кафе,2.00,0.00,0.00,0,0.0,0
гриль бар фестиваль 3 этаж меню маленькие чебуреки,2.00,0.00,0.00,0,0.0,0
киров заказ на дом еды,2.00,0.00,0.00,0,0.0,0
кресло чебурек,2.00,0.00,0.00,0,0.0,0
киров пицца с доставкой,2.00,0.00,0.00,0,0.0,0
где заказать суп на дом в кирове,2.00,1.00,50.00,0,0.0,0.0
шумовка калинина 40 телефон,2.00,0.00,0.00,0,0.0,0
киров заказать еду с доставкой,2.00,0.00,0.00,0,0.0,0
спк доставка еды киров меню,2.00,0.00,0.00,0,0.0,0
шумовка киров официальный,2.00,0.00,0.00,0,0.0,0
пицца в кирове,2.00,0.00,0.00,0,0.0,0
пицца киров доставка самая быстрая,2.00,0.00,0.00,0,0.0,0
доставка еды киров 24 часа,2.00,0.00,0.00,0,0.0,0
шумовка киров калинина 40 меню,2.00,0.00,0.00,0,0.0,0
кафе шумовка на калинина,2.00,0.00,0.00,0,0.0,0
где купить чизкейк киров,2.00,0.00,0.00,0,0.0,0
чебуречная киров доставка,2.00,0.00,0.00,0,0.0,0
еда43,2.00,0.00,0.00,0,0.0,0
пельмени с чесноком купить киров,2.00,0.00,0.00,0,0.0,0
шумовка дк,2.00,0.00,0.00,0,0.0,0
пивная тарелка киров,2.00,0.00,0.00,0,0.0,0
чизкейки в кирове цена,2.00,0.00,0.00,0,0.0,0
киров доставка,2.00,0.00,0.00,0,0.0,0
доставка салатов на дом киров,2.00,1.00,50.00,0,0.0,0.0
где купить и пельмени пижанские в кирове,2.00,0.00,0.00,0,0.0,0
шумовка купить киров,2.00,0.00,0.00,0,0.0,0
телефон шумовки город киров,2.00,0.00,0.00,0,0.0,0
доставка готовой еды на дом киров супчик,2.00,1.00,50.00,0,0.0,0.0
киров заказать десерт,2.00,1.00,50.00,0,0.0,0.0
блинок киров меню,2.00,0.00,0.00,0,0.0,0
удон с морепродуктами заказать в кирове,2.00,0.00,0.00,0,0.0,0
заказать закуски на дом киров,2.00,0.00,0.00,0,0.0,0
купить готовые салаты киров,2.00,1.00,50.00,0,0.0,0.0
доставка вок лапши киров,2.00,0.00,0.00,0,0.0,0
заказать чебуреки,2.00,0.00,0.00,0,0.0,0
заказать пиццу а г.киров,2.00,0.00,0.00,0,0.0,0
вкусные пиццы в кирове,2.00,0.00,0.00,0,0.0,0
пицца киров с бесплатной доставкой,2.00,0.00,0.00,0,0.0,0
доставка еду,2.00,0.00,0.00,0,0.0,0
доставка блинов,2.00,2.00,100.00,0,0.0,0.0
чизкейк цена за 1,2.00,0.00,0.00,0,0.0,0
до до пицца заказать киров,2.00,0.00,0.00,0,0.0,0
три медведя обед киров,2.00,0.00,0.00,0,0.0,0
бесплатные обеды в кирове,2.00,0.00,0.00,0,0.0,0
кулинария заказать,2.00,0.00,0.00,0,0.0,0
доставка еды кафе киров,2.00,0.00,0.00,0,0.0,0
вятский чебурек официальный сайт прайс меню,2.00,0.00,0.00,0,0.0,0
блинчики с доставкой,2.00,0.00,0.00,0,0.0,0
чебуречная заказать,2.00,0.00,0.00,0,0.0,0
домашние чизкейки на заказ бизнес,2.00,0.00,0.00,0,0.0,0
вкусные десерты кафе киров,2.00,0.00,0.00,0,0.0,0
кафе пельмени киров,2.00,0.00,0.00,0,0.0,0
столовая калинина 40 8,2.00,0.00,0.00,0,0.0,0
удон заказать киров,2.00,0.00,0.00,0,0.0,0
еда киров заказать,2.00,0.00,0.00,0,0.0,0
бесплатная доставка еды на дом киров,2.00,0.00,0.00,0,0.0,0
шумовка киров доставка пиццы прайс,2.00,1.00,50.00,0,0.0,0.0
grz43,2.00,0.00,0.00,0,0.0,0
чебуреки коневский рынок,2.00,0.00,0.00,0,0.0,0
киров еду,2.00,0.00,0.00,0,0.0,0
блин киров,2.00,0.00,0.00,0,0.0,0
вкусные домашние пельмени киров отзывы,2.00,0.00,0.00,0,0.0,0
заказать лапшу в коробочках киров,2.00,1.00,50.00,0,0.0,0.0
вкусные десерты киров,2.00,0.00,0.00,0,0.0,0
сеты из чебуреков киров,2.00,0.00,0.00,0,0.0,0
рамен в кирове,2.00,0.00,0.00,0,0.0,0
десерты доставка на дом киров,2.00,2.00,100.00,0,0.0,0.0
чебуреки азина,2.00,0.00,0.00,0,0.0,0
качественные пельмени в кировском,2.00,0.00,0.00,0,0.0,0
пивные тарелки,2.00,0.00,0.00,0,0.0,0
шумофка кирофф,2.00,2.00,100.00,0,0.0,0.0
пивная тарелка киров доставка,2.00,1.00,50.00,0,0.0,0.0
шумовка меню доставка,2.00,0.00,0.00,0,0.0,0
чизкейк доставка киров,2.00,1.00,50.00,1,50.0,100.0
шумовка кафе в кирове,2.00,1.00,50.00,0,0.0,0.0
щедрый хутор вязки чебуреки,2.00,0.00,0.00,0,0.0,0
купить чизкейки в кирове,2.00,0.00,0.00,0,0.0,0
где заказать обед с доставкой,2.00,0.00,0.00,0,0.0,0
киров вкусная еда на дом,2.00,0.00,0.00,0,0.0,0
доставка еды киров супы,2.00,1.00,50.00,0,0.0,0.0
домашняя еда доставка киров,2.00,1.00,50.00,0,0.0,0.0
обеды в офис с доставкой киров,2.00,0.00,0.00,0,0.0,0
ресторан тифлис г киров меню сколько стоят чебуреки и пончики меню,2.00,0.00,0.00,0,0.0,0
где заказать чизкейк киров,2.00,0.00,0.00,0,0.0,0
паста wok киров,2.00,0.00,0.00,0,0.0,0
какие чебуреки имеются в кафе вятский чебурек и их цена,2.00,0.00,0.00,0,0.0,0
детские роллы в кирове заказать,2.00,0.00,0.00,0,0.0,0
доставка обедов,2.00,1.00,50.00,0,0.0,0.0
еда в кирове,2.00,0.00,0.00,0,0.0,0
доставка готового мяса на дом,2.00,0.00,0.00,0,0.0,0
заказ пиццы в кирове,2.00,0.00,0.00,0,0.0,0
купить чебуреки с доставкой на дом в кирове,2.00,1.00,50.00,0,0.0,0.0
пицца на дом вахруши,2.00,0.00,0.00,0,0.0,0
пельмени в кировской области,2.00,0.00,0.00,0,0.0,0
доставка едыткиров,2.00,0.00,0.00,0,0.0,0
чебуреки на свободе 170 киров,2.00,0.00,0.00,0,0.0,0
заказать вкусную пиццу в кирове,2.00,0.00,0.00,0,0.0,0
forfor.ru пицца киров,2.00,0.00,0.00,0,0.0,0
ресторан тифлис г киров меню сколько стоят чебуреки и пончики,2.00,0.00,0.00,0,0.0,0
суп заказать киров,2.00,1.00,50.00,0,0.0,0.0
rolling rolls киро,2.00,0.00,0.00,0,0.0,0
чебуреки с мясом доставка на дом киров,2.00,0.00,0.00,0,0.0,0
суп дачный киров,2.00,0.00,0.00,0,0.0,0
заказать вкусные роллы,2.00,0.00,0.00,0,0.0,0
заказать десерты на дом,2.00,1.00,50.00,0,0.0,0.0
доставка лапши wok киров,2.00,2.00,100.00,0,0.0,0.0
доставка еды салатов киров,2.00,1.00,50.00,1,50.0,100.0
калинина 40 кафе шумовка отзывы,2.00,0.00,0.00,0,0.0,0
киров шумовка пицца карбонар,2.00,0.00,0.00,0,0.0,0
заказ роллы,2.00,0.00,0.00,0,0.0,0
где можно купить пельмени полом,2.00,0.00,0.00,0,0.0,0
десерт киров,2.00,0.00,0.00,0,0.0,0
кафе столовая калинина 40,2.00,0.00,0.00,0,0.0,0
доставка питания киров,1.00,0.00,0.00,0,0.0,0
пельмени дороничи,1.00,0.00,0.00,0,0.0,0
десерт доставка киров,1.00,1.00,100.00,0,0.0,0.0
шумовка заказать,1.00,0.00,0.00,0,0.0,0
доставка вок лапши,1.00,0.00,0.00,0,0.0,0
илья бакин киров вк чизкейк заказать,1.00,0.00,0.00,0,0.0,0
лучшие пельменные киров,1.00,0.00,0.00,0,0.0,0
еда домой доставка киров,1.00,1.00,100.00,0,0.0,0.0
заказать суп в кирове,1.00,2.00,200.00,0,0.0,0.0
салаты в супермаркете кировский,1.00,0.00,0.00,0,0.0,0
сушилка заказ еды,1.00,0.00,0.00,0,0.0,0
сеты в кирове,1.00,0.00,0.00,0,0.0,0
где купить пельмени толмачев в кирове,1.00,0.00,0.00,0,0.0,0
блины с доставкой на дом киров,1.00,0.00,0.00,0,0.0,0
купить чебуреки полуфабрикаты киров,1.00,0.00,0.00,0,0.0,0
доставка еды шумовка,1.00,1.00,100.00,0,0.0,0.0
блинчики забрано киров,1.00,0.00,0.00,0,0.0,0
шумовка.ру,1.00,0.00,0.00,0,0.0,0
"ljcnfdrf tls @drecysq j,tl",1.00,0.00,0.00,0,0.0,0
пельмени искра купить в кирове,1.00,0.00,0.00,0,0.0,0
киров пельмени трио,1.00,0.00,0.00,0,0.0,0
чизкейк-киров,1.00,0.00,0.00,0,0.0,0
пицца киров доставка,1.00,0.00,0.00,0,0.0,0
заказать салаты с собой киров,1.00,1.00,100.00,0,0.0,0.0
заказ продуктов на дом киров метро,1.00,0.00,0.00,0,0.0,0
пища киров,1.00,0.00,0.00,0,0.0,0
заказать еду на 50 рублей,1.00,0.00,0.00,0,0.0,0
доставка еды от 200 рублей бесплатно киров,1.00,0.00,0.00,0,0.0,0
шумовка 43 киров,1.00,0.00,0.00,1,100.0,0
на кирова 93 00 00 доставка еды,1.00,0.00,0.00,0,0.0,0
роллы на заказ,1.00,0.00,0.00,0,0.0,0
шумовкой,1.00,0.00,0.00,0,0.0,0
магги пельмени по уральски киров цена,1.00,0.00,0.00,0,0.0,0
заказать рамкн на дом в кирове,1.00,0.00,0.00,0,0.0,0
купить салат зимний не заправленный киров,1.00,0.00,0.00,0,0.0,0
купить чизкейк,1.00,0.00,0.00,0,0.0,0
домашняя еда с доставкой на дом,1.00,0.00,0.00,0,0.0,0
людмила в шумовке,1.00,0.00,0.00,0,0.0,0
когому доставка еды,1.00,0.00,0.00,0,0.0,0
пицца заказать в кирове,1.00,0.00,0.00,0,0.0,0
доставка обедов в офис киров,1.00,0.00,0.00,0,0.0,0
пельмени гулинские киров купить,1.00,0.00,0.00,0,0.0,0
заказать.еду киров,1.00,0.00,0.00,0,0.0,0
магазинчик на октябрьском рынке в кирове где продают чебуреки,1.00,0.00,0.00,0,0.0,0
салат цезарь доставка киров,1.00,0.00,0.00,0,0.0,0
домашняя еда заказ киров,1.00,1.00,100.00,0,0.0,0.0
кафе блинчик,1.00,0.00,0.00,0,0.0,0
киров кафе доставка,1.00,0.00,0.00,0,0.0,0
купить сумку чебурек в кирове,1.00,0.00,0.00,0,0.0,0
куриный суп купить с доставкой киров,1.00,0.00,0.00,0,0.0,0
киров чебуречные,1.00,0.00,0.00,0,0.0,0
отзывы шумовка кафе,1.00,0.00,0.00,0,0.0,0
крем-суп киров,1.00,0.00,0.00,0,0.0,0
вятский чебурек киров официальный сайт доставка,1.00,0.00,0.00,0,0.0,0
где купить острую лапшу в кирове,1.00,0.00,0.00,0,0.0,0
киров заказ домашних салатов,1.00,0.00,0.00,0,0.0,0
заказать еду за 300 рублей,1.00,0.00,0.00,0,0.0,0
салаты на вынос киров,1.00,1.00,100.00,0,0.0,0.0
"киров, вкусные салаты где купить?",1.00,1.00,100.00,0,0.0,0.0
доставка еды~~пицца,1.00,0.00,0.00,0,0.0,0
купить пельмени оптом в кирове от производителя,1.00,1.00,100.00,0,0.0,0.0
купить чебуреки вожгалы замороженные,1.00,0.00,0.00,0,0.0,0
изысканные десерты в кирове,1.00,0.00,0.00,0,0.0,0
доставка еды киров официальный сайт,1.00,0.00,0.00,0,0.0,0
киров пивная тарелка,1.00,0.00,0.00,0,0.0,0
киров доставка роллов сайт,1.00,0.00,0.00,0,0.0,0
доставка еды цезарь киров,1.00,0.00,0.00,0,0.0,0
доставка еды киров долма,1.00,0.00,0.00,0,0.0,0
киров бесплатная доставка роллов,1.00,0.00,0.00,0,0.0,0
шумовка доставка киров,1.00,0.00,0.00,0,0.0,0
пельмешки запеченные с сыром киров,1.00,0.00,0.00,0,0.0,0
доставка горячих обедов суп 2,1.00,1.00,100.00,1,100.0,100.0
цены на чебуреки в кирове 2019,1.00,0.00,0.00,0,0.0,0
картошка фри доставка киров,1.00,0.00,0.00,0,0.0,0
(url:shymovka43.ru | url:www.shymovka43.ru),1.00,0.00,0.00,0,0.0,0
доставка еды 44-14-33 киров,1.00,0.00,0.00,0,0.0,0
заказать китайская лапша в коробке киров,1.00,1.00,100.00,0,0.0,0.0
чебуреки с мясом купить с доставкой,1.00,0.00,0.00,0,0.0,0
заказать на дом китайскую еду,1.00,0.00,0.00,0,0.0,0
обед киров,1.00,0.00,0.00,0,0.0,0
чизкейк доставка,1.00,0.00,0.00,0,0.0,0
еда на дом киров полуфабрикаты,1.00,0.00,0.00,0,0.0,0
шумовка 46см купить в кирове,1.00,0.00,0.00,0,0.0,0
киров чизкейк,1.00,0.00,0.00,0,0.0,0
43 десерта,1.00,0.00,0.00,0,0.0,0
заказать еду из кафе киров,1.00,0.00,0.00,0,0.0,0
заказать пицца киров,1.00,0.00,0.00,0,0.0,0
лапша на кирова,1.00,0.00,0.00,0,0.0,0
блины по 5кг на авито киров,1.00,0.00,0.00,0,0.0,0
кафе столовая на ул калинина 40 в кирове,1.00,0.00,0.00,0,0.0,0
киров калинина 40 в каком корпусе шумовка,1.00,0.00,0.00,0,0.0,0
кафе елки киров калинина 40 официальный сайт меню и цены,1.00,0.00,0.00,0,0.0,0
вятский чебурек киров официальный сайт заказать,1.00,1.00,100.00,0,0.0,0.0
бурек в кирове купить,1.00,0.00,0.00,0,0.0,0
блины на заказ с доставкой киров,1.00,0.00,0.00,0,0.0,0
заказать в кирове пиццу,1.00,0.00,0.00,0,0.0,0
удон покушать киров,1.00,0.00,0.00,0,0.0,0
пицца заказ киров,1.00,0.00,0.00,0,0.0,0
пельмени ручной работы город киров .,1.00,0.00,0.00,0,0.0,0
заказать чебуреки в кирове на дом,1.00,1.00,100.00,0,0.0,0.0
пельмени заказать с доставкой,1.00,1.00,100.00,0,0.0,0.0
чебуреки на центральном рынке киров,1.00,0.00,0.00,0,0.0,0
кафе елки киров калинина 40,1.00,0.00,0.00,0,0.0,0
киров где купить готовые блины,1.00,0.00,0.00,0,0.0,0
заказать китайский суп в кирове,1.00,0.00,0.00,0,0.0,0
киров японский удон,1.00,0.00,0.00,0,0.0,0
чебуреки заказ,1.00,0.00,0.00,0,0.0,0
marycake десерты на заказ киров,1.00,0.00,0.00,0,0.0,0
домашняя кухня киров доставка,1.00,0.00,0.00,0,0.0,0
купить суп киров,1.00,1.00,100.00,0,0.0,0.0
продаются ли на театральной площади замороженные чебуреки где купить замороженные чебуреки киров,1.00,0.00,0.00,0,0.0,0
доставка еды в кирове на дом,1.00,0.00,0.00,0,0.0,0
чебуреки киров октябрьский проспект,1.00,0.00,0.00,0,0.0,0
вкусный обед доставка еды киров,1.00,0.00,0.00,0,0.0,0
вкусно обед доставка,1.00,0.00,0.00,0,0.0,0
глобус чебуреки полуфабрикаты,1.00,0.00,0.00,0,0.0,0
доставка на дом,1.00,0.00,0.00,0,0.0,0
доставка чебуреков киров дешево,1.00,1.00,100.00,0,0.0,0.0
ljcndrf tls rbhjd,1.00,0.00,0.00,0,0.0,0
пельменные город киров,1.00,0.00,0.00,0,0.0,0
доставка еды от 300 руб,1.00,0.00,0.00,0,0.0,0
киров чебуречке,1.00,0.00,0.00,0,0.0,0
цена 1 кг пельменей в кирове,1.00,0.00,0.00,0,0.0,0
заказ еду на дом,1.00,0.00,0.00,0,0.0,0
блинчики калинина,1.00,0.00,0.00,0,0.0,0
еда онлайн киров,1.00,0.00,0.00,0,0.0,0
доставка удон,1.00,0.00,0.00,0,0.0,0
пивные закуски киров доставка,1.00,0.00,0.00,0,0.0,0
острая лапша купить киров,1.00,0.00,0.00,0,0.0,0
кафе шумовка полное название,1.00,0.00,0.00,0,0.0,0
заказ обеда на дом,1.00,0.00,0.00,0,0.0,0
социальные обеды в кирове,1.00,0.00,0.00,0,0.0,0
г.киров доставка еды,1.00,0.00,0.00,0,0.0,0
лапша с курицей заказать киров,1.00,0.00,0.00,0,0.0,0
правильные десерты киров,1.00,0.00,0.00,0,0.0,0
чизкейк длительного хранения киров,1.00,0.00,0.00,0,0.0,0
вятский чебурек пивная тарелка,1.00,0.00,0.00,0,0.0,0
калинина 40 киров роллы,1.00,0.00,0.00,0,0.0,0
заказ салатов на дом киров,1.00,0.00,0.00,0,0.0,0
где купить домашнюю лапшу в кирове,1.00,0.00,0.00,0,0.0,0
доставка еды кировский,1.00,0.00,0.00,0,0.0,0
шумовка43,1.00,0.00,0.00,0,0.0,0
супы в вакуумной упаковке купить в кирове,1.00,0.00,0.00,0,0.0,0
доставка супа на дом,1.00,1.00,100.00,0,0.0,0.0
бесплатная доставка еды киров,1.00,0.00,0.00,0,0.0,0
вкусно поесть с доставкой киров шумовка,1.00,1.00,100.00,0,0.0,0.0
ул калинина д 40,1.00,0.00,0.00,0,0.0,0
супчик заказ,1.00,0.00,0.00,0,0.0,0
сервис доставки еды киров,1.00,0.00,0.00,0,0.0,0
картошка фри киров,1.00,0.00,0.00,0,0.0,0
shashlyk43 ru,1.00,0.00,0.00,0,0.0,0
доставка еды киров 24,1.00,0.00,0.00,0,0.0,0
готовая еда с доставкой на дом,1.00,1.00,100.00,0,0.0,0.0
заказ еды киров от 300 рублей,1.00,0.00,0.00,0,0.0,0
домашние пельмени киров,1.00,2.00,200.00,0,0.0,0.0
где в кирове купить чизкейк,1.00,0.00,0.00,0,0.0,0
пельмени домашние в магазине кировский каменск уральский,1.00,0.00,0.00,0,0.0,0
заказать на дом еду в кирове салаты,1.00,0.00,0.00,0,0.0,0
еде на дом,1.00,0.00,0.00,0,0.0,0
шумовка киров меню,1.00,1.00,100.00,0,0.0,0.0
киров лапша вок,1.00,0.00,0.00,0,0.0,0
заказать пиццу в кирове с доставкой цена 450,1.00,1.00,100.00,0,0.0,0.0
заказ горячей еды киров,1.00,0.00,0.00,0,0.0,0
столовая шумовка киров калинина,1.00,0.00,0.00,0,0.0,0
еда на вынос из ресторана,1.00,0.00,0.00,0,0.0,0
в кирове заказать оля ля закусочки на самовывоз меню,1.00,0.00,0.00,0,0.0,0
что можно заказать поесть на дом,1.00,0.00,0.00,0,0.0,0
блинок заказать,1.00,0.00,0.00,0,0.0,0
ооо топтыгин пельмени,1.00,0.00,0.00,0,0.0,0
bytorina6425,1.00,0.00,0.00,0,0.0,0
супы готовые купить в кирове,1.00,0.00,0.00,0,0.0,0
пекарня горячие чебурек,1.00,0.00,0.00,0,0.0,0
чем отличаются чебуреки с центрального рынка г. киров от чебуреков октябрьского рынка г. киров,1.00,0.00,0.00,0,0.0,0
роллы на заказ с доставкой,1.00,0.00,0.00,0,0.0,0
пельмени в кирове,1.00,0.00,0.00,0,0.0,0
еда заказать,1.00,0.00,0.00,0,0.0,0
киров еда доставка,1.00,0.00,0.00,0,0.0,0
чизкейки кироввк,1.00,0.00,0.00,0,0.0,0
готовая еда на дом,1.00,0.00,0.00,0,0.0,0
заказ чебуреков в кирове,1.00,0.00,0.00,0,0.0,0
удон киров заказать еду,1.00,0.00,0.00,0,0.0,0
чизкейк на воровского киров,1.00,0.00,0.00,0,0.0,0
шумовки,1.00,0.00,0.00,0,0.0,0
доставка еды от 200 рублей бесплатно,1.00,0.00,0.00,0,0.0,0
чизкейк киров московская,1.00,0.00,0.00,0,0.0,0
купить дезерты киров,1.00,0.00,0.00,0,0.0,0
салат в горшке цена киров,1.00,0.00,0.00,0,0.0,0
пельмени домашние в сети кировский,1.00,0.00,0.00,0,0.0,0
киров заказать обед с доставкой по кирову,1.00,0.00,0.00,0,0.0,0
см1323,1.00,0.00,0.00,0,0.0,0
калинина 40 кафе шумовка,1.00,0.00,0.00,0,0.0,0
где можно заказать обед на дом киров,1.00,0.00,0.00,0,0.0,0
купить домашний десерт в кирове,1.00,0.00,0.00,0,0.0,0
пицца заказать,1.00,0.00,0.00,0,0.0,0
кафе киров шумовка шубин артем,1.00,0.00,0.00,0,0.0,0
доставка пицца в кирове,1.00,0.00,0.00,0,0.0,0
450 рублей роллы киров,1.00,0.00,0.00,0,0.0,0
заказать роллы кирове,1.00,0.00,0.00,0,0.0,0
столовая супчик киров,1.00,0.00,0.00,0,0.0,0
лучшие удоны кирова,1.00,0.00,0.00,0,0.0,0
горячие обеды доставка киров,1.00,1.00,100.00,0,0.0,0.0
доставка роллов и лапши киров,1.00,0.00,0.00,0,0.0,0
пицца от 190 рублей с бесплатной доставкой,1.00,0.00,0.00,0,0.0,0
замороженные чебуреки купить киров,1.00,1.00,100.00,0,0.0,0.0
киров блинные,1.00,0.00,0.00,0,0.0,0
кировский чебурек с мясом,1.00,0.00,0.00,0,0.0,0
доставка еды в больницы кирова,1.00,0.00,0.00,0,0.0,0
лапша киров доставка ул.труда,1.00,0.00,0.00,0,0.0,0
заказ еды суп киров,1.00,1.00,100.00,0,0.0,0.0
продаются ли на театральной площади замороженные чебуреки,1.00,0.00,0.00,0,0.0,0
заказать сухарики на дом киров,1.00,0.00,0.00,0,0.0,0
где заказать готовые салаты киров,1.00,1.00,100.00,0,0.0,0.0
пельмени как раньше киров,1.00,0.00,0.00,0,0.0,0
купить чебуреки в кирове полуфабрикат,1.00,0.00,0.00,0,0.0,0
лапша в кирове,1.00,0.00,0.00,0,0.0,0
заказать чебуреки в кирове,1.00,1.00,100.00,0,0.0,0.0
острая лапша купить,1.00,0.00,0.00,0,0.0,0
купить чизкейк пп киров,1.00,0.00,0.00,0,0.0,0
киров вкусные чебуреки стулово,1.00,0.00,0.00,0,0.0,0
чебурек киров доставка,1.00,0.00,0.00,0,0.0,0
чебуреки на мопра,1.00,0.00,0.00,0,0.0,0
потапов пельмени киров,1.00,0.00,0.00,0,0.0,0
где купить пп десерты в кирове,1.00,0.00,0.00,0,0.0,0
заказать лапшу wok киров,1.00,0.00,0.00,0,0.0,0
доставка еды в г киров,1.00,0.00,0.00,0,0.0,0
шумовка производственная,1.00,0.00,0.00,0,0.0,0
заказать тарелку к пиву киров,1.00,0.00,0.00,0,0.0,0
чебуреки пижанка купить в кирове,1.00,0.00,0.00,0,0.0,0
заказ на дом киров,1.00,0.00,0.00,0,0.0,0
киров гренки,1.00,0.00,0.00,0,0.0,0
доставка салатов киров,1.00,0.00,0.00,0,0.0,0
заказать пиццу кирове,1.00,0.00,0.00,0,0.0,0
вок доставка киров,1.00,0.00,0.00,0,0.0,0
киров купить домашнюю лапшу,1.00,0.00,0.00,0,0.0,0
заказать чебурек,1.00,0.00,0.00,0,0.0,0
где купить нолинские пельмени в кирове,1.00,0.00,0.00,0,0.0,0
киров еда бесплатно.доставка суп,1.00,1.00,100.00,0,0.0,0.0
заказ горячего киров,1.00,1.00,100.00,0,0.0,0.0
купить замороженные чебуреки по акции в кирове,1.00,0.00,0.00,0,0.0,0
лавка вкусной еды киров,1.00,0.00,0.00,0,0.0,0
еда киров рф,1.00,0.00,0.00,0,0.0,0
гулинские пельмени цена,1.00,0.00,0.00,0,0.0,0
доставка еды киров после 22 00,1.00,1.00,100.00,0,0.0,0.0
шумовки это,1.00,0.00,0.00,0,0.0,0
кафе тулялялю,1.00,0.00,0.00,0,0.0,0
доставка чизкейков,1.00,0.00,0.00,0,0.0,0
цена и разнообразие вятский чебурек киров меню,1.00,0.00,0.00,0,0.0,0
сырные палочки где купить,1.00,1.00,100.00,0,0.0,0.0
заказ еды 43,1.00,0.00,0.00,0,0.0,0
кухня калинина 40,1.00,0.00,0.00,0,0.0,0
заказ еды из ресторана киров,1.00,0.00,0.00,0,0.0,0
пицца за4ахать киров,1.00,0.00,0.00,0,0.0,0
пиволюбитель калинина 40,1.00,0.00,0.00,0,0.0,0
киров заказать обеда с доставкой,1.00,0.00,0.00,0,0.0,0
вожгалы чебуреки мясной цех,1.00,0.00,0.00,0,0.0,0
купить салат киров,1.00,0.00,0.00,0,0.0,0
лучшие десерты в кирове,1.00,0.00,0.00,0,0.0,0
пицца морская в кирове,1.00,1.00,100.00,0,0.0,0.0
заказать суп с доставкой в кирове,1.00,0.00,0.00,0,0.0,0
доставка ролл в кирове,1.00,0.00,0.00,0,0.0,0
кафе доставка,1.00,0.00,0.00,0,0.0,0
чебуреки киров свободы,1.00,0.00,0.00,0,0.0,0
где поесть в кирове удон,1.00,0.00,0.00,0,0.0,0
кафе шумовка черный работодатель,1.00,0.00,0.00,0,0.0,0
купить пиццу,1.00,0.00,0.00,0,0.0,0
кафе в кирове 40 +,1.00,0.00,0.00,0,0.0,0
доставка домашней еды,1.00,0.00,0.00,0,0.0,0
pannucci's pizza,1.00,0.00,0.00,0,0.0,0
заказать в кирове чизкейк,1.00,0.00,0.00,0,0.0,0
закапицца киров,1.00,0.00,0.00,0,0.0,0
заказать роллов в киров,1.00,0.00,0.00,0,0.0,0
где.купить вкусные пельмени самолепки?киров,1.00,1.00,100.00,0,0.0,0.0
домашний обед на дом,1.00,1.00,100.00,0,0.0,0.0
вок лапша киров доставка,1.00,0.00,0.00,0,0.0,0
удон заказать в кирове,1.00,0.00,0.00,0,0.0,0
вкусная кухня доставка,1.00,0.00,0.00,0,0.0,0
магазин удона воровского попова,1.00,0.00,0.00,0,0.0,0
бесплатная доставка еды на дом,1.00,0.00,0.00,0,0.0,0
чебуреки с доставкой кировский рн спб,1.00,0.00,0.00,0,0.0,0
салон бау пельмени,1.00,0.00,0.00,0,0.0,0
шумовка киров еда на вынос отзывы,1.00,0.00,0.00,0,0.0,0
горячие блюда на дом в кирове,1.00,1.00,100.00,0,0.0,0.0
shumovka,1.00,1.00,100.00,0,0.0,0.0
чебурек на заказ,1.00,1.00,100.00,0,0.0,0.0
обеды на заказ с доставкой,1.00,0.00,0.00,0,0.0,0
горячие обеды с доставкой на дом киров,1.00,0.00,0.00,0,0.0,0
куплю домашние пельмени киров,1.00,0.00,0.00,0,0.0,0
вкусно поесть с доставкой киров,1.00,0.00,0.00,0,0.0,0
заказать японскую лапшу на дом,1.00,0.00,0.00,0,0.0,0
кафе десерты киров,1.00,0.00,0.00,0,0.0,0
пельмени по акции киров,1.00,0.00,0.00,0,0.0,0
wok и паста,1.00,0.00,0.00,0,0.0,0
где в кирове продают вкусные десерты,1.00,0.00,0.00,0,0.0,0
заказать еду по почте,1.00,0.00,0.00,0,0.0,0
заказ готовой еды на дом киров,1.00,0.00,0.00,0,0.0,0
вкусные блинные в кирове,1.00,0.00,0.00,0,0.0,0
самые вкусные пельмени киров,1.00,0.00,0.00,0,0.0,0
доставка на дом еды,1.00,0.00,0.00,0,0.0,0
что заказать обеды в кирове,1.00,0.00,0.00,0,0.0,0
пельмени вкусные киров,1.00,0.00,0.00,0,0.0,0
заказать пасту на дом киров,1.00,1.00,100.00,0,0.0,0.0
доставка роллы динары,1.00,0.00,0.00,0,0.0,0
роллы и пицца заказ,1.00,0.00,0.00,0,0.0,0
заказать вкусную еду в офис киров,1.00,0.00,0.00,0,0.0,0
лапша для удона купить киров,1.00,0.00,0.00,0,0.0,0
сырный кусок на ленина спортивный,1.00,0.00,0.00,0,0.0,0
заказать лапшу wok на дом,1.00,0.00,0.00,0,0.0,0
пиво калинина 40,1.00,0.00,0.00,0,0.0,0
заказать еду вкусную киров,1.00,0.00,0.00,0,0.0,0
до скольки работает суп киров,1.00,0.00,0.00,0,0.0,0
киров доставка блюд,1.00,0.00,0.00,0,0.0,0
заказать роллы на дом в кирове,1.00,0.00,0.00,0,0.0,0
заказать доставку закусок,1.00,0.00,0.00,0,0.0,0
доставка наггетсов киров,1.00,0.00,0.00,0,0.0,0
еды43,1.00,0.00,0.00,0,0.0,0
пельмени с доставкой,1.00,1.00,100.00,0,0.0,0.0
заказать еду на дом кировская область,1.00,0.00,0.00,0,0.0,0
калинина 40 одежда,1.00,0.00,0.00,0,0.0,0
киров купить чебуреки,1.00,0.00,0.00,0,0.0,0
вкусная доставка еды киров,1.00,0.00,0.00,0,0.0,0
пельменные в кирове,1.00,0.00,0.00,0,0.0,0
чизкейки на ленина киров,1.00,0.00,0.00,0,0.0,0
чебуреки кировский район,1.00,0.00,0.00,0,0.0,0
чебуреки киров заказать,1.00,1.00,100.00,0,0.0,0.0
г.киров.калинина 40 детское кафе,1.00,0.00,0.00,0,0.0,0
купить китайскую лапшу в коробочках в кирове,1.00,0.00,0.00,0,0.0,0
заказать еду киров роллы + пицца,1.00,0.00,0.00,0,0.0,0
чизкейк на заказ киров в твоём стиле,1.00,0.00,0.00,0,0.0,0
шаромовка киров,1.00,0.00,0.00,0,0.0,0
киров доставка десерто,1.00,1.00,100.00,0,0.0,0.0
готовая еда киров доставка,1.00,0.00,0.00,0,0.0,0
магазины салат киров,1.00,0.00,0.00,0,0.0,0
доставка еды киров от 200,1.00,0.00,0.00,0,0.0,0
азиатский суп доставка киров,1.00,0.00,0.00,0,0.0,0
картошка фри киров доставка,1.00,0.00,0.00,0,0.0,0
заказать китайская лапша киров,1.00,0.00,0.00,0,0.0,0
сырный суп киров,1.00,0.00,0.00,0,0.0,0
сайты заказа еды на дом,1.00,0.00,0.00,0,0.0,0
пицца киров доставка до 00,1.00,0.00,0.00,0,0.0,0
где купить чизкейк в кирове,1.00,0.00,0.00,0,0.0,0
цезарь доставка еды киров,1.00,0.00,0.00,0,0.0,0
где можно купить пельмени поломские,1.00,0.00,0.00,0,0.0,0
вызов еды на дом киров,1.00,0.00,0.00,0,0.0,0
готовый суп купить в кирове,1.00,0.00,0.00,0,0.0,0
shymovka43.ru,1.00,0.00,0.00,0,0.0,0
супы доставка киров,1.00,0.00,0.00,0,0.0,0
пельмени полячок киров где купить,1.00,0.00,0.00,0,0.0,0
вкусно пицца меню,1.00,0.00,0.00,0,0.0,0
где купить и пельмени пижанские,1.00,0.00,0.00,0,0.0,0
пельмени кмк,1.00,0.00,0.00,0,0.0,0
роллы в кирове с доставкой,1.00,0.00,0.00,0,0.0,0
супчик заказ еды,1.00,0.00,0.00,0,0.0,0
детское меню в пиццерии,1.00,0.00,0.00,0,0.0,0
чебуреки те самые доставка киров,1.00,0.00,0.00,0,0.0,0
пельмени в макси г. киров,1.00,0.00,0.00,0,0.0,0
жакоб белькомет пельмени купить,1.00,0.00,0.00,0,0.0,0
кафе на калинина 40,1.00,0.00,0.00,0,0.0,0
сайт 43 еду кировская область,1.00,0.00,0.00,0,0.0,0
заказать еды,1.00,0.00,0.00,0,0.0,0
заказ обеда,1.00,0.00,0.00,0,0.0,0
узбекские чебуреки на центрального рынка г. киров,1.00,0.00,0.00,0,0.0,0
быстрая доставка горячего супа,1.00,1.00,100.00,0,0.0,0.0
кафе шумовка киров ип,1.00,0.00,0.00,0,0.0,0
доставкаоййки,1.00,0.00,0.00,0,0.0,0
блинная шумовка,1.00,0.00,0.00,0,0.0,0
заказать лапшу удон,1.00,0.00,0.00,0,0.0,0
доставки лапши в кирове,1.00,0.00,0.00,0,0.0,0
киров заказать салаты,1.00,0.00,0.00,0,0.0,0
вятский чебурек меню акции,1.00,0.00,0.00,0,0.0,0
шумовка трапеза,1.00,0.00,0.00,0,0.0,0
чебуреки на московском проспекте в кирове,1.00,0.00,0.00,0,0.0,0
чебуречная 43 киров,1.00,0.00,0.00,0,0.0,0
чебурек доставка,1.00,0.00,0.00,0,0.0,0
круглосуточная доставка еды,1.00,0.00,0.00,0,0.0,0
доставка киров гренки,1.00,0.00,0.00,0,0.0,0
еда на кирова,1.00,0.00,0.00,0,0.0,0
заказать супы киров,1.00,1.00,100.00,0,0.0,0.0
киров доставка чебуреков,1.00,1.00,100.00,0,0.0,0.0
шумовка калинина 40 меню,1.00,1.00,100.00,0,0.0,0.0
горячий обед киров заказать,1.00,1.00,100.00,0,0.0,0.0
десерт в кирове,1.00,0.00,0.00,0,0.0,0
киров заказ ланча,1.00,0.00,0.00,0,0.0,0
шумовка квадратная для ресторана,1.00,0.00,0.00,0,0.0,0
доставка лапши в коробочках киров,1.00,0.00,0.00,0,0.0,0
где купить замороженные чебуреки киров,1.00,0.00,0.00,0,0.0,0
супчик доставка киров,1.00,0.00,0.00,0,0.0,0
кафе кирова чизкейк,1.00,0.00,0.00,0,0.0,0
шумовска киров,1.00,1.00,100.00,0,0.0,0.0
еда с доставкой в кирове,1.00,0.00,0.00,0,0.0,0
заказать еду на дом киров из ресторана,1.00,0.00,0.00,0,0.0,0
роллы пицца киров доставка,1.00,0.00,0.00,0,0.0,0
купить сырные палочки в планировке в кирове,1.00,0.00,0.00,0,0.0,0
вкусная пицца в кирове,1.00,0.00,0.00,0,0.0,0
мико чизкейки киров,1.00,0.00,0.00,0,0.0,0
шумовка киров бизнес ланч,1.00,1.00,100.00,0,0.0,0.0
сырные палочки киров доставка,1.00,1.00,100.00,0,0.0,0.0
чебуречная вятич,1.00,0.00,0.00,0,0.0,0
доставка пиццы киров 300 рублей,1.00,0.00,0.00,0,0.0,0
пивная тарелка заказать в кирове,1.00,0.00,0.00,0,0.0,0
столовая шумовка киров,1.00,0.00,0.00,0,0.0,0
барбекю доставка еды,1.00,0.00,0.00,0,0.0,0
заказать еда киров,1.00,0.00,0.00,0,0.0,0
пельмени натуральные киров,1.00,0.00,0.00,0,0.0,0
заказать лапшу удон с доставкой,1.00,0.00,0.00,0,0.0,0
где купить готовые блины в кирове,1.00,0.00,0.00,0,0.0,0
пицца роллы пельмени,1.00,0.00,0.00,0,0.0,0
см5184,1.00,0.00,0.00,0,0.0,0
+79634323818 доставка,1.00,0.00,0.00,0,0.0,0
быстрая доставка пиццы на дом,1.00,0.00,0.00,0,0.0,0
доставка еду киров,1.00,0.00,0.00,0,0.0,0
салат новый кировский,1.00,0.00,0.00,0,0.0,0
пельмени из коминтерна киров,1.00,0.00,0.00,0,0.0,0
пельмени впрок киров,1.00,0.00,0.00,0,0.0,0
заказ чебуреков на дом киров,1.00,0.00,0.00,0,0.0,0
киров продажа чебуреков,1.00,0.00,0.00,0,0.0,0
вкусные роллы с доставкой,1.00,0.00,0.00,0,0.0,0
горячий пельмень доставка пельменей мороженных,1.00,0.00,0.00,0,0.0,0
киров доставка продуктов,1.00,0.00,0.00,0,0.0,0
zakaz45,1.00,0.00,0.00,0,0.0,0
купить чебуреки вожгалы,1.00,0.00,0.00,0,0.0,0
доставка китайской лапши в кирове,1.00,0.00,0.00,0,0.0,0
во блин киров,1.00,0.00,0.00,0,0.0,0
заказать пиццу в кирове от 500,1.00,0.00,0.00,0,0.0,0
блины заказать на дом киров,1.00,1.00,100.00,0,0.0,0.0
заказ роллов на дом,1.00,0.00,0.00,0,0.0,0
вятский чебурек киров доставка д,1.00,0.00,0.00,0,0.0,0
шум гам киров калинина 40 пиццерия,1.00,0.00,0.00,0,0.0,0
киров доставка десертов,1.00,0.00,0.00,0,0.0,0
заказ еды 43 киров официальный сайт киров,1.00,0.00,0.00,0,0.0,0
шумовка пицца киров,1.00,0.00,0.00,0,0.0,0
пельмени киров доставка,1.00,1.00,100.00,1,100.0,100.0
кафе сушилка киров официальный сайт,1.00,0.00,0.00,0,0.0,0
где в кирове самые вкусные десерты,1.00,0.00,0.00,0,0.0,0
роллы киров вкусные,1.00,0.00,0.00,0,0.0,0
заказать роллы в кирове на дом данар,1.00,0.00,0.00,0,0.0,0
кафе киров шумовка,1.00,0.00,0.00,0,0.0,0
заказать заказать,1.00,0.00,0.00,0,0.0,0
горячие блюда на заказ киров,1.00,1.00,100.00,0,0.0,0.0
мясная тарелка киров,1.00,0.00,0.00,0,0.0,0
изготовление чебурек киров,1.00,0.00,0.00,0,0.0,0
доставка 43,1.00,0.00,0.00,0,0.0,0
заказать горячий обед в кирове,1.00,0.00,0.00,0,0.0,0
заказ пиццы киров без помидор,1.00,0.00,0.00,0,0.0,0
киров чебуреки заказ,1.00,0.00,0.00,0,0.0,0
китайская лапша заказ киров,1.00,0.00,0.00,0,0.0,0
до дома роллы,1.00,0.00,0.00,0,0.0,0
чизкейк киров 26-49-68 цена,1.00,0.00,0.00,0,0.0,0
доставка вкусный обед киров,1.00,0.00,0.00,0,0.0,0
угорь копченый в кирове,1.00,0.00,0.00,0,0.0,0
столовые пельмени кировские,1.00,0.00,0.00,0,0.0,0
заказать ролл в кирове,1.00,0.00,0.00,0,0.0,0
лапша по корейски киров доставка еды,1.00,0.00,0.00,0,0.0,0
чебуреки замороженные киров,1.00,0.00,0.00,0,0.0,0
киров заказ удона,1.00,1.00,100.00,0,0.0,0.0
пивная радость киров калинина 40,1.00,0.00,0.00,0,0.0,0
rolling rolls кирова,1.00,0.00,0.00,0,0.0,0
лапша удон в кирове,1.00,0.00,0.00,0,0.0,0
киров вкусноблин суп блин дня,1.00,0.00,0.00,0,0.0,0
пельмени элитные киров,1.00,0.00,0.00,0,0.0,0
доставка лапши удон киров,1.00,0.00,0.00,0,0.0,0
кирова лапша,1.00,0.00,0.00,0,0.0,0
доставка до нялинское,1.00,0.00,0.00,0,0.0,0
заказать десерты на дом киров,1.00,1.00,100.00,0,0.0,0.0
доставки еды от 200 рублей киров,1.00,0.00,0.00,0,0.0,0
полезные десерты киров,1.00,0.00,0.00,0,0.0,0
киров заказать пиццу с доставкой от 350 р,1.00,0.00,0.00,0,0.0,0
чебуреки замороженные оптом в кирове,1.00,1.00,100.00,0,0.0,0.0
что можно заказать из еды на дом,1.00,0.00,0.00,0,0.0,0
киров работа на чебуреки,1.00,0.00,0.00,0,0.0,0
пицца за 200 рублей в кирове,1.00,0.00,0.00,0,0.0,0
пельмяш киров,1.00,0.00,0.00,0,0.0,0
киров замороженные чебуреки,1.00,0.00,0.00,0,0.0,0
покушать в кирове,1.00,0.00,0.00,0,0.0,0
пицца и роллы с доставкой,1.00,0.00,0.00,0,0.0,0
кировский ролл с курой,1.00,0.00,0.00,0,0.0,0
чизкейк киров 26-49-68,1.00,0.00,0.00,0,0.0,0
калинина 40 киров кафе открытое,1.00,0.00,0.00,0,0.0,0
заказать суп на дом,1.00,0.00,0.00,0,0.0,0
пельмени котельнич купить в кирове,1.00,0.00,0.00,0,0.0,0
десертайм киров,1.00,0.00,0.00,0,0.0,0
доставка супов город киров,1.00,1.00,100.00,1,100.0,100.0
cheesecake kirov,1.00,0.00,0.00,0,0.0,0
заказать еду с доставкой киров,1.00,0.00,0.00,0,0.0,0
заказать домашнюю еду киров,1.00,0.00,0.00,0,0.0,0
дороничи киров официальный сайт готовые супы,1.00,0.00,0.00,0,0.0,0
еда на дом киров солянка,1.00,0.00,0.00,0,0.0,0
заказ еды из коминтерна,1.00,0.00,0.00,0,0.0,0
купить салаты кировский р-он,1.00,0.00,0.00,0,0.0,0
потапыч пельмени киров,1.00,0.00,0.00,0,0.0,0
киров знаменитая чебуречная,1.00,0.00,0.00,0,0.0,0
бурек с мясом киров,1.00,0.00,0.00,0,0.0,0
пельмени доставка на дом киров,1.00,1.00,100.00,0,0.0,0.0
доставка готовых обедов на дом киров,1.00,0.00,0.00,0,0.0,0
чебуреки коммунальная киров,1.00,0.00,0.00,0,0.0,0
киров доставка блинов,1.00,1.00,100.00,0,0.0,0.0
гренки и сырные палочки заказать киров,1.00,1.00,100.00,0,0.0,0.0
купить салат в кирове,1.00,0.00,0.00,0,0.0,0
доставка еды киров от 200 рублей,1.00,0.00,0.00,0,0.0,0
самые вкусные чебуреки на заказ тел в кирове,1.00,0.00,0.00,0,0.0,0
чебуреки 43 киров заказать,1.00,0.00,0.00,0,0.0,0
киров кафе вкусноблин,1.00,0.00,0.00,0,0.0,0
чизкейки киров воровского,1.00,0.00,0.00,0,0.0,0
еде 43 еду,1.00,0.00,0.00,0,0.0,0
киров вкусные роллы,1.00,0.00,0.00,0,0.0,0
супчик доставка еды киров,1.00,0.00,0.00,0,0.0,0
заказать суп,1.00,0.00,0.00,0,0.0,0
заказ еды из ресторана на дом киров,1.00,0.00,0.00,0,0.0,0
чебуреки 43,1.00,0.00,0.00,0,0.0,0
лапша и пельмени,1.00,0.00,0.00,0,0.0,0
блюда на вынос киров,1.00,0.00,0.00,0,0.0,0
заказать роллы в кирове на дом с бесплатной доставкой,1.00,0.00,0.00,0,0.0,0
меню вятский чебурек,1.00,0.00,0.00,0,0.0,0
киров по чем чебуреки в данаре,1.00,0.00,0.00,0,0.0,0
шумовка цены кафэ,1.00,0.00,0.00,0,0.0,0
меню в блинок,1.00,0.00,0.00,0,0.0,0
доставка еды в,1.00,0.00,0.00,0,0.0,0
киров заказать обеда с доставкой по кирову,1.00,0.00,0.00,0,0.0,0
заказать вкусные роллы с доставкой киров,1.00,0.00,0.00,0,0.0,0
блинная вкусноблин киров,1.00,0.00,0.00,0,0.0,0
японочка.43 пиццерия,1.00,0.00,0.00,0,0.0,0
калинина 40 пивной,1.00,0.00,0.00,0,0.0,0
киров пельмени,1.00,0.00,0.00,0,0.0,0
чебуреки с мясом киров,1.00,0.00,0.00,0,0.0,0
азина 82 чебуреки киров,1.00,0.00,0.00,0,0.0,0
ул. калинина д.40,1.00,0.00,0.00,0,0.0,0
киров доставка еды на дом круглосуточно,1.00,0.00,0.00,0,0.0,0
столовые пельмени киров,1.00,0.00,0.00,0,0.0,0
киров.чебуреки как раньше доставка.ру,1.00,0.00,0.00,0,0.0,0
зуевские пельмени где купить в кирове,1.00,0.00,0.00,0,0.0,0
заказ еды из ресторана на дом,1.00,0.00,0.00,0,0.0,0
пицца доставка,1.00,0.00,0.00,0,0.0,0
доставка салатов киров просторы,1.00,0.00,0.00,0,0.0,0
блинов н а киров,1.00,0.00,0.00,0,0.0,0
"""шумовка""",1.00,0.00,0.00,0,0.0,0
заказать с доставкой вкусную закуску в кирове,1.00,0.00,0.00,0,0.0,0
цена чебуреков в чепецке,1.00,0.00,0.00,0,0.0,0
кафе столовая елка на калинина сорок,1.00,0.00,0.00,0,0.0,0
киров лучшие десерты,1.00,0.00,0.00,0,0.0,0
заказать еду на дом на заказ,1.00,0.00,0.00,0,0.0,0
пельмени ручной лепки где заказать кировская область,1.00,0.00,0.00,0,0.0,0
где купить чебуреки в с бараниной в кирове,1.00,1.00,100.00,0,0.0,0.0
чизкейк на заказ киров,1.00,0.00,0.00,0,0.0,0
киров где купить салаты после 20-00 со скидкой 50%,1.00,0.00,0.00,0,0.0,0
шумовка на заказ,1.00,0.00,0.00,0,0.0,0
доставка г киров,1.00,0.00,0.00,0,0.0,0
глобус доставка продуктов киров ветчина куриная,1.00,0.00,0.00,0,0.0,0
сушилка киров официальный сайт меню,1.00,0.00,0.00,0,0.0,0
мясо на вынос в кирове,1.00,0.00,0.00,0,0.0,0
киров чебуречная,1.00,0.00,0.00,0,0.0,0
http://vkus43.ru/,1.00,0.00,0.00,0,0.0,0
пицца доставка киров,1.00,0.00,0.00,0,0.0,0
доставка еды пунк,1.00,0.00,0.00,0,0.0,0
вкусная еда киров с минимальной доставкой,1.00,0.00,0.00,0,0.0,0
доставка еды в киров,1.00,0.00,0.00,0,0.0,0
блины на дом киров,1.00,0.00,0.00,0,0.0,0
доставка удона город киров,1.00,1.00,100.00,0,0.0,0.0
супы с доставкой киров,1.00,0.00,0.00,0,0.0,0
заказ еды киров шумовка,1.00,0.00,0.00,1,100.0,0
суп том янг заказать в кирове,1.00,0.00,0.00,0,0.0,0
доставка горячих обедов,1.00,0.00,0.00,0,0.0,0
пижанские пельмени киров цена,1.00,0.00,0.00,0,0.0,0
доставка удон киров,1.00,0.00,0.00,0,0.0,0
солянка доставка обедов киров,1.00,0.00,0.00,0,0.0,0
заказ чебуреков,1.00,0.00,0.00,0,0.0,0
вкусная ветчина киров,1.00,0.00,0.00,0,0.0,0
доставка лапши киров недорого,1.00,0.00,0.00,0,0.0,0
кафе вкусно блин киров меню,1.00,0.00,0.00,0,0.0,0
заказать горячие блюда на дом в кирове,1.00,0.00,0.00,0,0.0,0
заказать роллов,1.00,0.00,0.00,0,0.0,0
купить чизкейк у полины филимоновой цена,1.00,1.00,100.00,0,0.0,0.0
что нибудь поесть киров заказ,1.00,0.00,0.00,0,0.0,0
заказать китайскую лапшу кирова,1.00,0.00,0.00,0,0.0,0
чебуреки на центрального рынка г. киров,1.00,0.00,0.00,0,0.0,0
доставка готовых блюд,1.00,0.00,0.00,0,0.0,0
пельмени доставка на дом киров круглосуточно,1.00,0.00,0.00,0,0.0,0
доставка еды в кирове супчик,1.00,0.00,0.00,0,0.0,0
где заказать обед с доставкой киров,1.00,0.00,0.00,0,0.0,0
кафе калинина 40 корпус 8,1.00,0.00,0.00,0,0.0,0
заказ продуктов на дом бесплатная доставка,1.00,0.00,0.00,0,0.0,0
чебурек на филейке,1.00,0.00,0.00,0,0.0,0
блины доставка киров,1.00,1.00,100.00,0,0.0,0.0
меню вятского чебурека г киров,1.00,1.00,100.00,0,0.0,0.0
пицца бесплатная доставка киров,1.00,0.00,0.00,0,0.0,0
чебуреки на октябрьском рынке киров,1.00,0.00,0.00,0,0.0,0
вкусная лапша вок в кирове,1.00,0.00,0.00,0,0.0,0
чизкейки пончики киров на заказ,1.00,0.00,0.00,0,0.0,0
заказать свою ету киров,1.00,0.00,0.00,0,0.0,0
для еды на вынос,1.00,0.00,0.00,0,0.0,0
заказать салаты кировский,1.00,0.00,0.00,0,0.0,0
чебуреки на доставку,1.00,0.00,0.00,0,0.0,0
доставка салаты киров,1.00,0.00,0.00,0,0.0,0
чизкейк ру киров,1.00,0.00,0.00,0,0.0,0
радушные пельмени киров,1.00,0.00,0.00,0,0.0,0
доставка еды коминтерн киров,1.00,0.00,0.00,0,0.0,0
лапшичная киров,1.00,1.00,100.00,0,0.0,0.0
блинопек киров,1.00,0.00,0.00,0,0.0,0
роллы киров на дом,1.00,0.00,0.00,0,0.0,0
готовые салаты киров,1.00,0.00,0.00,0,0.0,0
резка салата киров,1.00,0.00,0.00,0,0.0,0
где в кирове купить суппи,1.00,0.00,0.00,0,0.0,0
доставка еды киров шумовка,1.00,1.00,100.00,1,100.0,100.0
киров заказать пиццу доставка от 150 рублей,1.00,0.00,0.00,0,0.0,0
чебурек 43,1.00,0.00,0.00,0,0.0,0
еду 43 киров,1.00,0.00,0.00,0,0.0,0
пицца детская купить в кирове,1.00,0.00,0.00,0,0.0,0
десерты киров доставка,1.00,1.00,100.00,0,0.0,0.0
киров удон доставка,1.00,0.00,0.00,0,0.0,0
заказать пасту с курицей киров,1.00,0.00,0.00,0,0.0,0
киров мамедов чебуреки,1.00,0.00,0.00,0,0.0,0
вкусная пицца доставка киров,1.00,0.00,0.00,0,0.0,0
пекарня горячий чебурек,1.00,0.00,0.00,0,0.0,0
tch43,1.00,0.00,0.00,0,0.0,0
00520,1.00,0.00,0.00,0,0.0,0
пельмени толмачев где купить,1.00,0.00,0.00,0,0.0,0
меню кафе елки на калинина сорок,1.00,0.00,0.00,0,0.0,0
заказать чебуреки на дом киров,1.00,1.00,100.00,0,0.0,0.0
заказать поесть в кирове,1.00,0.00,0.00,0,0.0,0
десерты на заказ для дома,1.00,1.00,100.00,0,0.0,0.0
еда домой доставка,1.00,0.00,0.00,0,0.0,0
домашние пельмени цена,1.00,0.00,0.00,0,0.0,0
блинов киров,1.00,0.00,0.00,0,0.0,0
столовая калинина киров,1.00,0.00,0.00,0,0.0,0
доставка еды в выходные киров,1.00,0.00,0.00,1,100.0,0
лапша удон киров доставка,1.00,0.00,0.00,0,0.0,0
где купить лапшу для удона киров,1.00,0.00,0.00,0,0.0,0
киров без трубами на блины,1.00,0.00,0.00,0,0.0,0
пицца киров с семгой,1.00,0.00,0.00,0,0.0,0
пельменная киров на московской,1.00,0.00,0.00,0,0.0,0
где в чижах покушать суп киров,1.00,0.00,0.00,0,0.0,0
блины кировской области в контакте,1.00,0.00,0.00,0,0.0,0
суп на дом киров,1.00,0.00,0.00,0,0.0,0
толмачевские пельмени киров,1.00,0.00,0.00,0,0.0,0
где вкусные сырные палки с доставкой киров,1.00,0.00,0.00,0,0.0,0
доставка еды киров куриный суп,1.00,0.00,0.00,0,0.0,0
супы круглосуточная доставка киров,1.00,0.00,0.00,0,0.0,0
три медведя доставка еды,1.00,0.00,0.00,0,0.0,0
пельмени от петровича киров,1.00,0.00,0.00,0,0.0,0
вкусно блин цены,1.00,1.00,100.00,0,0.0,0.0
самый вкусный чизкейк в кирове,1.00,0.00,0.00,0,0.0,0
заказать вкусные роллы с бесплатной доставкой киров,1.00,0.00,0.00,0,0.0,0
вятский чебурек доставка киров,1.00,0.00,0.00,0,0.0,0
доставка суп на дом,1.00,1.00,100.00,0,0.0,0.0
шумовка номер телефона,1.00,0.00,0.00,0,0.0,0
доставка детской еды на дом,1.00,0.00,0.00,0,0.0,0
горячие супы доставка,1.00,0.00,0.00,0,0.0,0
где купить пельмени кировского,1.00,0.00,0.00,0,0.0,0
заказать чизкейк у полины филимоновой,1.00,0.00,0.00,0,0.0,0
заказать куриный суп на дом,1.00,0.00,0.00,0,0.0,0
доставка мяса готового киров,1.00,0.00,0.00,0,0.0,0
rbhjd ljcnfdrb tls,1.00,0.00,0.00,0,0.0,0
заказ киров еда,1.00,0.00,0.00,0,0.0,0
чизкейк заказать киров,1.00,0.00,0.00,0,0.0,0
акция хочу чебурек киров,1.00,0.00,0.00,0,0.0,0
пельмени киров производство,1.00,0.00,0.00,0,0.0,0
заказать пельмени с доставкой в кирове,1.00,0.00,0.00,0,0.0,0
кирова 40 доставка еды,1.00,0.00,0.00,0,0.0,0
пельмени как раньше киров купить,1.00,0.00,0.00,0,0.0,0
заказать роллы в кирове на дом сушилка,1.00,0.00,0.00,0,0.0,0
доставка еды цезарь,1.00,0.00,0.00,0,0.0,0
заказать лапша,1.00,0.00,0.00,0,0.0,0
замороженные чебуреки киров,1.00,1.00,100.00,0,0.0,0.0
доставка выпечки на дом киров,1.00,0.00,0.00,0,0.0,0
еда киров доставка на дом,1.00,0.00,0.00,0,0.0,0
доставка еды в кирове круглосуточно,1.00,0.00,0.00,0,0.0,0
быстро и вкусно чебуреки заказать,1.00,0.00,0.00,0,0.0,0
заказать вкусные роллы киров,1.00,0.00,0.00,0,0.0,0
кировский салат,1.00,0.00,0.00,0,0.0,0
кресло чебурек в кирове,1.00,0.00,0.00,0,0.0,0
удон с курицей и овощами заказать в кирове,1.00,0.00,0.00,0,0.0,0
доставка салат киров,1.00,1.00,100.00,0,0.0,0.0
квашнин 43,1.00,0.00,0.00,0,0.0,0
чизкейчечная киров,1.00,0.00,0.00,0,0.0,0
салаты киров магазины,1.00,0.00,0.00,0,0.0,0
"кофейня , десерты киров",1.00,0.00,0.00,0,0.0,0
заказать вкусные роллы с бесплатной доставкой на дом,1.00,0.00,0.00,0,0.0,0
полечек пельмени киров,1.00,0.00,0.00,0,0.0,0
управление стиральной супов по кировской области московской,1.00,0.00,0.00,0,0.0,0
роллы доставка,1.00,0.00,0.00,0,0.0,0
кухня доставки готовой еды,1.00,0.00,0.00,0,0.0,0
миа куста пицца киров,1.00,0.00,0.00,0,0.0,0
киров акции на пельмени,1.00,0.00,0.00,0,0.0,0
где купить в кирове пельмени фирмы мечта,1.00,0.00,0.00,0,0.0,0
вкусные чебуреки киров,1.00,0.00,0.00,0,0.0,0
супчик доставка еды на дом из столовых кирова,1.00,1.00,100.00,0,0.0,0.0
сайт вкусно блин киров,1.00,0.00,0.00,0,0.0,0
заказать еду\,1.00,0.00,0.00,0,0.0,0
лапша киров заказать,1.00,0.00,0.00,0,0.0,0
заказ еды киров на дом на целый день,1.00,0.00,0.00,0,0.0,0
йола маркет киров пельмени с курицей,1.00,0.00,0.00,0,0.0,0
поесть киров,1.00,0.00,0.00,0,0.0,0
заказать пиво на дом киров,1.00,0.00,0.00,0,0.0,0
заказ обедов с доставкой,1.00,0.00,0.00,0,0.0,0
доставка лапши wok,1.00,0.00,0.00,0,0.0,0
шумовка киров калинина 40 акции,1.00,0.00,0.00,0,0.0,0
заказ блинов на дом,1.00,0.00,0.00,0,0.0,0
роллы филадельфия в кирове,1.00,0.00,0.00,0,0.0,0
пивные тарелки в кирове,1.00,0.00,0.00,0,0.0,0
кафе киров калинина,1.00,0.00,0.00,0,0.0,0
роллы в кирове заказать,1.00,0.00,0.00,0,0.0,0
что заказать в кирове из еды,1.00,0.00,0.00,0,0.0,0
доставка еды от 300 рублей,1.00,0.00,0.00,0,0.0,0
меню пицца,1.00,0.00,0.00,0,0.0,0
дом еды киров,1.00,0.00,0.00,0,0.0,0
доставка пиццы и роллов киров,1.00,0.00,0.00,0,0.0,0
доставка роллов и лапши,1.00,0.00,0.00,0,0.0,0
какие пельмени в кирове хорошие,1.00,0.00,0.00,0,0.0,0
шуберт еда 43,1.00,0.00,0.00,0,0.0,0
закажите,1.00,0.00,0.00,0,0.0,0
ооо супчик киров,1.00,0.00,0.00,0,0.0,0
роллы пицца киров,1.00,0.00,0.00,0,0.0,0
тяхан киров,1.00,1.00,100.00,0,0.0,0.0
заказать вкусные роллы с доставкой,1.00,0.00,0.00,0,0.0,0
заказать доставку на дом,1.00,0.00,0.00,0,0.0,0
купить чебуреки по акции в кирове,1.00,0.00,0.00,0,0.0,0
где заказать суп,1.00,0.00,0.00,0,0.0,0
киров гренки улица,1.00,0.00,0.00,0,0.0,0
чебуреки с центрального рынка г. киров,1.00,1.00,100.00,0,0.0,0.0
меню онлайн киров,1.00,0.00,0.00,0,0.0,0
поесть в кирове,1.00,0.00,0.00,0,0.0,0
доставка чебуреки киров,1.00,1.00,100.00,0,0.0,0.0
еда бесплатно киров,1.00,0.00,0.00,0,0.0,0
www.foodcity43.ru,1.00,0.00,0.00,0,0.0,0
кафе шумовка юридическое лицо,1.00,0.00,0.00,0,0.0,0
суп доставка на дом,1.00,0.00,0.00,0,0.0,0
лапша г,1.00,0.00,0.00,0,0.0,0
готовые блюда на дом,1.00,0.00,0.00,0,0.0,0
доставка домашних обедов супчик,1.00,0.00,0.00,0,0.0,0
заказа еды киров,1.00,0.00,0.00,0,0.0,0
чебуреки на дом киров,1.00,0.00,0.00,0,0.0,0
доставка обедов киров домашняя,1.00,1.00,100.00,0,0.0,0.0
заказать еду,1.00,0.00,0.00,0,0.0,0
заказать пиццу в киров,1.00,0.00,0.00,0,0.0,0
горячие обеды киров,1.00,0.00,0.00,0,0.0,0
купить пельмени,1.00,0.00,0.00,0,0.0,0
43 еду киров,1.00,0.00,0.00,0,0.0,0
лапша wok киров,1.00,0.00,0.00,0,0.0,0
где поесть рамен в кирове,1.00,0.00,0.00,0,0.0,0
заказ обеда город киров,1.00,0.00,0.00,0,0.0,0
сервисы по заказу еды,1.00,0.00,0.00,0,0.0,0
заказать на дом обед коров,1.00,0.00,0.00,0,0.0,0
киров пицца бесплатная доставка,1.00,0.00,0.00,0,0.0,0
купить пиццу с доставкой в кирове,1.00,0.00,0.00,0,0.0,0
дымидома43,1.00,0.00,0.00,0,0.0,0
заказ еду на дом киров,1.00,0.00,0.00,0,0.0,0
шумовка еда киров,1.00,0.00,0.00,0,0.0,0
шумовка киров адреса,1.00,0.00,0.00,0,0.0,0
замороженные чебуреки купить,1.00,0.00,0.00,0,0.0,0
купить пельмени от производителя унинского мясокомбината пельмени,1.00,0.00,0.00,0,0.0,0
киров купить чизкейки,1.00,0.00,0.00,0,0.0,0
пельмени доставка,1.00,0.00,0.00,0,0.0,0
чебуреки на воровского,1.00,0.00,0.00,0,0.0,0
чебуреки в салафане,1.00,0.00,0.00,0,0.0,0
тот самый чебурек киров,1.00,0.00,0.00,0,0.0,0
кресло-чебурек киров,1.00,0.00,0.00,0,0.0,0
пивные тарелки доставка,1.00,1.00,100.00,0,0.0,0.0
паста киров доставка,1.00,0.00,0.00,0,0.0,0
шумовка киров пицца отзывы,1.00,0.00,0.00,0,0.0,0
пицца в кирове за 200 рублей,1.00,0.00,0.00,0,0.0,0
доставка китайской лапши и пиццы киров,1.00,0.00,0.00,0,0.0,0
киров роллы доставка бесплатная,1.00,0.00,0.00,0,0.0,0
доставка лапши bbq,1.00,0.00,0.00,0,0.0,0
обеды в офис киров,1.00,0.00,0.00,0,0.0,0
чебуреки киров октябрьский проспект 13,1.00,0.00,0.00,0,0.0,0
сырные палочки марио киров,1.00,0.00,0.00,0,0.0,0
салат с киров,1.00,0.00,0.00,0,0.0,0
доставка ужина на дом в кирове,1.00,0.00,0.00,0,0.0,0
наша пицца киров заказ,1.00,0.00,0.00,0,0.0,0
узбекская кухня киров доставка,1.00,0.00,0.00,0,0.0,0
лапша удон заказать киров,1.00,0.00,0.00,0,0.0,0
пельмени звениговские цена,1.00,0.00,0.00,0,0.0,0
пицца киров доставка сейчас,1.00,0.00,0.00,0,0.0,0
роллы заказать на дом киров,1.00,0.00,0.00,0,0.0,0
заказать закуски киров,1.00,0.00,0.00,0,0.0,0
заказать вкусные роллы с бесплатной доставкой в кирове,1.00,0.00,0.00,0,0.0,0
китайская лапша в кирове,1.00,1.00,100.00,0,0.0,0.0
роллы блинок щаказать к роао сереук,1.00,0.00,0.00,0,0.0,0
пицца на заказ с доставкой киров,1.00,0.00,0.00,0,0.0,0
125г чебуреки классические чебуречье,1.00,0.00,0.00,0,0.0,0
чизкейк на московской киров,1.00,0.00,0.00,0,0.0,0
суп киров доста,1.00,1.00,100.00,1,100.0,100.0
66-40-00,1.00,0.00,0.00,0,0.0,0
заказать еду в офис,1.00,0.00,0.00,0,0.0,0
где заказать салаты заливное в кирове?,1.00,0.00,0.00,0,0.0,0
еда из ресторана на дом в кирове,1.00,1.00,100.00,0,0.0,0.0
просто блин киров,1.00,0.00,0.00,0,0.0,0
термокузовок,1.00,0.00,0.00,0,0.0,0
шумовка роллы,1.00,0.00,0.00,0,0.0,0
доставка супов,1.00,0.00,0.00,0,0.0,0
пельменная шумовка,1.00,1.00,100.00,0,0.0,0.0
где можно заказать пивную тарелку киров,1.00,0.00,0.00,0,0.0,0
штрудель в кирове на заказ,1.00,0.00,0.00,0,0.0,0
доставка еды киров шинок,1.00,0.00,0.00,0,0.0,0
сколько стоят чизкейки на заказ,1.00,0.00,0.00,0,0.0,0
чебуреки хутор кирова,1.00,0.00,0.00,0,0.0,0
чебуреки у рынка киров,1.00,0.00,0.00,0,0.0,0
сушилка киров официальный сайт киров доставка,1.00,0.00,0.00,0,0.0,0
готовая еда киров,1.00,0.00,0.00,0,0.0,0
морская пицца заказать киров,1.00,0.00,0.00,0,0.0,0
ult pfrfpfnm tle d rbhjdt,1.00,0.00,0.00,0,0.0,0
доставка еды киров детское меню,1.00,1.00,100.00,0,0.0,0.0
группа супчик киров,1.00,0.00,0.00,0,0.0,0
шумовка 43 киров отзывы,1.00,0.00,0.00,0,0.0,0
доставка еды к,1.00,0.00,0.00,0,0.0,0
заказ еды на дом киров киров,1.00,0.00,0.00,0,0.0,0
вятский чебурек киров меню,1.00,0.00,0.00,0,0.0,0
кировский заказ салатов,1.00,0.00,0.00,0,0.0,0
замороженные десерты киров,1.00,0.00,0.00,0,0.0,0
доставка продуктов на дом,1.00,0.00,0.00,0,0.0,0
купить салаты отпом в кирове,1.00,0.00,0.00,0,0.0,0
заказать еду с доставкой на дом в кирове,1.00,1.00,100.00,0,0.0,0.0
доставка сеты киров,1.00,0.00,0.00,0,0.0,0
вок лапша заказать,1.00,0.00,0.00,0,0.0,0
киров 4053415 кафе,1.00,0.00,0.00,0,0.0,0
обедов доставка,1.00,0.00,0.00,0,0.0,0
доставки еды города кирова,1.00,0.00,0.00,0,0.0,0
заготовки для чебуреков глобус,1.00,0.00,0.00,0,0.0,0
пельмени толмачев киров фото,1.00,0.00,0.00,0,0.0,0
меню в блинке,1.00,0.00,0.00,0,0.0,0
шумовка пельменная,1.00,0.00,0.00,0,0.0,0
калинина 40 пиво,1.00,0.00,0.00,0,0.0,0
пицца на заказ в кирове бесплатно,1.00,0.00,0.00,0,0.0,0
на прудах кафе шумовка,1.00,0.00,0.00,0,0.0,0
десерты заказать на дом,1.00,0.00,0.00,0,0.0,0
чизкейки аиров,1.00,0.00,0.00,0,0.0,0
вкусно блин кафе цена,1.00,0.00,0.00,0,0.0,0
доставка еды круглосуточно киров,1.00,0.00,0.00,0,0.0,0
заказать пиццу в городе кирове,1.00,0.00,0.00,0,0.0,0
киров обеды в офис,1.00,0.00,0.00,0,0.0,0
киров доставка домашней еды,1.00,0.00,0.00,0,0.0,0
ста киров обед,1.00,0.00,0.00,0,0.0,0
заказ еда киров,1.00,0.00,0.00,0,0.0,0
доставка пиццы за пределы города киров,1.00,0.00,0.00,0,0.0,0
самые вкусные чизкейк в кирове,1.00,0.00,0.00,0,0.0,0
сколько стоит рамен в кирове,1.00,0.00,0.00,0,0.0,0
вкусные пельмени в кирове,1.00,0.00,0.00,0,0.0,0
готовая домашняя еда киров,1.00,1.00,100.00,0,0.0,0.0
купить в кирове чебуреки,1.00,0.00,0.00,0,0.0,0
заказать вкусные роллы с доставкой на дом,1.00,0.00,0.00,0,0.0,0
супчик 4343,1.00,0.00,0.00,0,0.0,0
заказ первого блюда на дом киров,1.00,0.00,0.00,0,0.0,0
светофор чебуреки ип пчелин,1.00,0.00,0.00,0,0.0,0
где в кирове заказать блюда из мяса,1.00,0.00,0.00,0,0.0,0
роллы вкусные заказать,1.00,0.00,0.00,0,0.0,0
вкусная еда доставка киров,1.00,0.00,0.00,0,0.0,0
доставка еды мельников максим сергеевич едаки вк,1.00,0.00,0.00,0,0.0,0
производство чебуреков киров,1.00,0.00,0.00,0,0.0,0
десерты на заказ,1.00,0.00,0.00,0,0.0,0
трапеза киров официальный сайт,1.00,0.00,0.00,0,0.0,0
заказать пиццу с доставкой киров,1.00,0.00,0.00,0,0.0,0
готовые супы в упаковке купить в кирове,1.00,0.00,0.00,0,0.0,0
блинкиров,1.00,0.00,0.00,0,0.0,0
солато,1.00,0.00,0.00,0,0.0,0
где можно заказать вкусный чизкейк в кирово-чепецке,1.00,0.00,0.00,0,0.0,0
заказать еду в кирове на дом круглосуточно,1.00,0.00,0.00,0,0.0,0
заказ еды онлайн,1.00,0.00,0.00,0,0.0,0
пельмени пижанка купить в кирове,1.00,0.00,0.00,0,0.0,0
доставка еды мангал киров,1.00,0.00,0.00,0,0.0,0
чизкейк заказать,1.00,0.00,0.00,0,0.0,0
вкусные кировские пельмени,1.00,0.00,0.00,0,0.0,0
быстрая доставка еды на дом,1.00,0.00,0.00,0,0.0,0
доставка киров салат,1.00,0.00,0.00,0,0.0,0
винос кироч,1.00,0.00,0.00,0,0.0,0
чебуреки доставка на дом,1.00,0.00,0.00,0,0.0,0
доставка еды .ру,1.00,0.00,0.00,0,0.0,0
заказать еду на дом киров удон,1.00,0.00,0.00,0,0.0,0
палочки удон киров,1.00,0.00,0.00,0,0.0,0
где в кирове можно покушать тяхан с лапшой,1.00,0.00,0.00,0,0.0,0
роллы киров,1.00,0.00,0.00,0,0.0,0
shimovka,1.00,0.00,0.00,0,0.0,0
меню роллы,1.00,0.00,0.00,0,0.0,0
доставка калинина,1.00,0.00,0.00,0,0.0,0
сергей обедов,1.00,0.00,0.00,0,0.0,0
киров чизкейк купить,1.00,0.00,0.00,0,0.0,0
время есть заказать пивную тарелку киров,1.00,4.00,400.00,0,0.0,0.0
киров чебуречная на,1.00,0.00,0.00,0,0.0,0
киров 43 еду,1.00,0.00,0.00,0,0.0,0
акции на блины киров,1.00,0.00,0.00,0,0.0,0
доставка пиццы кировская область,1.00,0.00,0.00,0,0.0,0
пельмени с доставкой в кирове круглосуточно,1.00,0.00,0.00,0,0.0,0
домашняя еда киров официальный сайт,1.00,0.00,0.00,0,0.0,0
шумовка столовая чебоксары,1.00,0.00,0.00,0,0.0,0
заказать вкусные роллы с бесплатной доставкой,1.00,0.00,0.00,0,0.0,0
заказать чебуреки киров доставка,1.00,0.00,0.00,0,0.0,0
суши пицца калинина 40,1.00,0.00,0.00,0,0.0,0
супы доставка на дом,1.00,0.00,0.00,0,0.0,0
самые вкусные чебуреки в кирове,1.00,0.00,0.00,0,0.0,0
где можно купить чизкейк в кирове,1.00,0.00,0.00,0,0.0,0
шумовке,1.00,1.00,100.00,0,0.0,0.0
чизкейк театральная площадь киров,1.00,0.00,0.00,0,0.0,0
заказ еду киров,1.00,0.00,0.00,0,0.0,0
киров заказ салата на дом,1.00,1.00,100.00,0,0.0,0.0
вкусные блюда киров,1.00,0.00,0.00,0,0.0,0
макароны с доставка еды киров,1.00,0.00,0.00,0,0.0,0
шумовка улица калинина,1.00,0.00,0.00,0,0.0,0
ухта заказать чебуреки с доставкой,1.00,0.00,0.00,0,0.0,0
чебуречки в фестивале гранд бар в кирове,1.00,0.00,0.00,0,0.0,0
заказать пиццу киров доставка,1.00,2.00,200.00,0,0.0,0.0
салаты на заказ киров,1.00,0.00,0.00,0,0.0,0
заказать пиццу на дом в кирове,1.00,0.00,0.00,0,0.0,0
купить оптом замороженные чебуреки,1.00,0.00,0.00,0,0.0,0
пицца киров доставка бесплатная,1.00,0.00,0.00,0,0.0,0
66 43 40,1.00,0.00,0.00,0,0.0,0
кафе калинина 40 киров,1.00,0.00,0.00,0,0.0,0
вакансии чебурек 43 киров,1.00,0.00,0.00,0,0.0,0
доставка еды 50% киров,1.00,0.00,0.00,0,0.0,0
доставка вкусной еды,1.00,0.00,0.00,0,0.0,0
домашняя еда киров доставка,1.00,0.00,0.00,0,0.0,0
бленьы до крова,1.00,0.00,0.00,0,0.0,0
где можно заказать лапшу в коробочках киров,1.00,0.00,0.00,0,0.0,0
лапша на вынос в кирове,1.00,0.00,0.00,0,0.0,0
глав-доставка.ру,1.00,0.00,0.00,0,0.0,0
пивная тарелка заказ на дом киров,1.00,1.00,100.00,0,0.0,0.0
киров заказать закуски,1.00,0.00,0.00,0,0.0,0
жратва киров,1.00,0.00,0.00,0,0.0,0
салаты киров доставка,1.00,0.00,0.00,0,0.0,0
вкусно блин киров акции,1.00,0.00,0.00,0,0.0,0
заказать на дом киров,1.00,0.00,0.00,0,0.0,0
чебурек киро,1.00,0.00,0.00,0,0.0,0
пельмени толмачев каталог,1.00,0.00,0.00,0,0.0,0
пельмень на пятницкой город киров,1.00,0.00,0.00,0,0.0,0
чизкейк цена за 1 кг киров,1.00,0.00,0.00,0,0.0,0
елки кафе киров калинина 40 доставка,1.00,1.00,100.00,0,0.0,0.0
pfrfp tls rbhjd,1.00,0.00,0.00,0,0.0,0
самая мясная пицца киров,1.00,0.00,0.00,0,0.0,0
где в кирове можно купить крымские чебуреки,1.00,0.00,0.00,0,0.0,0
спс доставка еды,1.00,0.00,0.00,0,0.0,0
заказать лапшу на дом,1.00,0.00,0.00,0,0.0,0
удон купить киров,1.00,0.00,0.00,0,0.0,0
чебуреки вятки,1.00,0.00,0.00,0,0.0,0
где купить удон в кирове,1.00,0.00,0.00,0,0.0,0
доставка-еды-киров.рф,1.00,0.00,0.00,0,0.0,0
шумовка доставка,1.00,1.00,100.00,0,0.0,0.0
замороженные чебуреки купить оптом,1.00,0.00,0.00,0,0.0,0
где заказать блины киров,1.00,0.00,0.00,0,0.0,0
заказ вторых блюд и салатов на мероприятие в кирове,1.00,1.00,100.00,0,0.0,0.0
десерты на заказ киров,1.00,0.00,0.00,0,0.0,0
ljcnfdrf tls d eh;evt,1.00,0.00,0.00,0,0.0,0
пельмешки43,1.00,0.00,0.00,0,0.0,0
роллы киров заказать,1.00,0.00,0.00,0,0.0,0
где заказать картофель фри и нагенцы в кирове,1.00,0.00,0.00,0,0.0,0
г киров доставка пиццы роллов салатов цены меню,1.00,0.00,0.00,0,0.0,0
чебурек43,1.00,0.00,0.00,0,0.0,0
кафе киров с вкусной пиццей и мясом,1.00,1.00,100.00,0,0.0,0.0
на кирова 93 00 00 доставка еды плавания,1.00,0.00,0.00,0,0.0,0
киров заказ обеда,1.00,0.00,0.00,0,0.0,0
заказ еды в кирове круглосуточно на дом,1.00,0.00,0.00,0,0.0,0
вкусная еда доставка,1.00,0.00,0.00,0,0.0,0
десерты мороженое киров,1.00,0.00,0.00,0,0.0,0
пельмени кировский полом,1.00,1.00,100.00,0,0.0,0.0
купить пельмени толмачев в кирове,1.00,1.00,100.00,0,0.0,0.0
калинина 40 столовая киров,1.00,0.00,0.00,0,0.0,0
проверка доставки еды,1.00,0.00,0.00,0,0.0,0
удон в соусе ширачи киров,1.00,1.00,100.00,0,0.0,0.0
еда с доставкой,1.00,0.00,0.00,0,0.0,0
где можно заказать обед на дом,1.00,0.00,0.00,0,0.0,0
наша пицца киров официальный сайт,1.00,0.00,0.00,0,0.0,0
чизкейк кир,1.00,0.00,0.00,0,0.0,0
киров роллы на дом,1.00,0.00,0.00,0,0.0,0
вкусные десерты в кирове,1.00,0.00,0.00,0,0.0,0
где купить салаты в городе кирове,1.00,0.00,0.00,0,0.0,0
заказа обеда город киров,1.00,1.00,100.00,0,0.0,0.0
доставка еды на неделю киров,1.00,0.00,0.00,0,0.0,0
заказать вок лапшу,1.00,0.00,0.00,0,0.0,0
сайт обед киров доставка,1.00,0.00,0.00,0,0.0,0
пельмени лепсе,1.00,0.00,0.00,0,0.0,0
киров калинина 40 кафе поварешка,1.00,0.00,0.00,0,0.0,0
пивные тарелки киров доставка,1.00,1.00,100.00,0,0.0,0.0
кафе шумовка работодатель,1.00,0.00,0.00,0,0.0,0
чебуреки на коневском рынке,1.00,1.00,100.00,0,0.0,0.0
киров блинная,1.00,0.00,0.00,0,0.0,0
заказать салаты магазин кировский,1.00,0.00,0.00,0,0.0,0
доставка суп на дом киров,1.00,0.00,0.00,0,0.0,0
пельмени толмачев киров акции,1.00,0.00,0.00,0,0.0,0
кафе шумовка калинина 40 киров,1.00,0.00,0.00,0,0.0,0
заказать пожрать на дом,1.00,0.00,0.00,0,0.0,0
повоп,1.00,0.00,0.00,0,0.0,0
чебуречные сайты,1.00,0.00,0.00,0,0.0,0
кафе шумовка киров реквизиты,1.00,0.00,0.00,0,0.0,0
магги пельмени киров,1.00,0.00,0.00,0,0.0,0
авито киров пельмени,1.00,0.00,0.00,0,0.0,0
полуфабрикаты чебуреки купить в кирове,1.00,0.00,0.00,0,0.0,0
шумовка конфеты,1.00,0.00,0.00,0,0.0,0
купить в кирове сырные палочки,1.00,0.00,0.00,0,0.0,0
заказ продуктов на дом киров,1.00,0.00,0.00,0,0.0,0
блины до кирова,1.00,0.00,0.00,0,0.0,0
киров супчик,1.00,0.00,0.00,0,0.0,0
заказать еды на дом в кирове,1.00,0.00,0.00,0,0.0,0
